Fish,UqRep,Treatment,Family,TestingT,Date,Time,W,SL,Sex,StartT,CTM,Video,Stimdist,Stimdirect,StimdirectR,LatencyMS,Response,DuratMS,Dist,VeloMS,MaxVeloMS,EndDirect,EndDirectR
G3d11,G:3d:1,3d,G,28.5,30.03.17,13:50:00,2.059,38.8,F,,,331,92.978,95.961,1.674835162,650,Cstart,22.91740445,25.756,1.123862,2.077816,61.528,1.073866027
G30d2a,G:30d:2,30d,G,30.5,30.03.17,16:45:00,1.392,33,F,,,332,88.662,266.464,4.650673467,20.83333333,Cstart,10.41760065,13.896,1.3338964,1.953446,216.87,3.785095002
G7d21,G:7d:2,7d,G,28.5,30.03.17,17:00:00,1.526,34.72,F,,,333,52.125,110.45,1.927715881,127.0833333,Cstart,12.50150573,12.108,0.968523333,1.452785,95.377,1.66464244
G3d21,G:3d:2,3d,G,28.5,30.03.17,17:40:00,2.123,37.2,M,,,335,77.102,61.636,1.075750982,18.75,Cstart,18.75060184,27.975,1.491952111,2.054548,351.674,6.137868307
GC1a,G:C:1,C,G,30.5,31.03.17,10:20:00,1.906,35.4,F,,,337,104.594,303.085,5.2898304,14.58333333,Cstart,20.83417674,33.76,1.6204144,1.965892,265.914,4.641074157
G7d11,G:7d:1,7d,G,28.5,31.03.17,12:05:00,2.039,37.32,M,,,340,107.515,86.561,1.510774236,18.75,Cstart,20.83479538,32.776,1.5731376,2.054548,352.147,6.146123714
G7d2a,G:7d:2,7d,G,30.5,31.03.17,12:40:00,1.406,32.16,F,,,341,97.626,316.309,5.520632707,14.58333333,Cstart,10.41690433,12.784,1.227236,1.965892,265.818,4.639398641
GH31,G:H:3,H,G,28.5,31.03.17,13:15:00,1.456,32.5,F,,,342,99.869,61.049,1.065505901,14.58333333,Cstart,18.74963878,23.25,1.240023889,2.016105,77.648,1.355213062
G7d3a,G:7d:3,7d,G,30.5,31.03.17,16:05:00,2.807,41.7,M,,,344,80.56,15.499,0.270508542,14.58333333,Cstart,12.49978764,19.621,1.569706667,2.076545,284.534,4.966054417
G3d31,G:3d:3,3d,G,28.5,31.03.17,16:20:00,1.623,34,M,,,345,80.457,25.533,0.445634854,14.58333333,Cstart,12.50001646,22.149,1.771917667,3.285316,339.444,5.924414571
GH3a,G:H:3,H,G,30.5,31.03.17,16:40:00,1.81,34.28,F,,,346,124.77,280.901,4.902646614,18.75,Cstart,12.4992474,14.705,1.176470833,1.411765,240.709,4.201163983
GH2a,G:H:2,H,G,30.5,01.04.17,9:05:00,1.708,34.18,F,,,348,96.91,357.368,6.237247341,16.66666667,Cstart,14.58294733,21.723,1.489616571,2.03606,279.208,4.873098194
G30d11,G:30d:1,30d,G,28.5,01.04.17,9:40:00,1.675,35.1,F,,,349,75.141,344.291,6.009010667,14.58333333,Cstart,14.58279458,22.5,1.542914143,3.156802,271.975,4.746858548
GC32,G:C:3,C,G,28.5,01.04.17,14:10:00,1.73,35,F,,,350,103.767,64.622,1.127866506,16.66666667,Cstart,10.41648789,13.11,1.2585816,2.016105,91.755,1.601426624
G7d1a,G:7d:1,7d,G,30.5,01.04.17,14:30:00,2.163,37.54,F,,,352,100.922,81.216,1.417486401,6.25,Other,,,,,,
GH21,G:H:2,H,G,28.5,01.04.17,14:50:00,1.993,36,M,,,353,98.101,90.298,1.57599718,16.66666667,Cstart,14.58172085,18.915,1.297172,2.057038,117.072,2.043291567
GH22,G:H:2,H,G,28.5,02.04.17,8:55:00,1.996,36.26,F,,,355,124.579,315.442,5.505500704,37.5,Cstart,31.24889462,42.758,1.3683044,2.96846,54.673,0.954223724
G30d2b,G:30d:2,30d,G,30.5,02.04.17,11:30:00,1.531,34,F,,,356,105.241,17.283,0.301645211,20.83333333,Cstart,20.83128012,22.236,1.0674332,2.03606,74,1.29154346
GC33,G:C:3,C,G,28.5,02.04.17,11:00:00,2.242,38.4,M,,,356,133.247,98.494,1.719044345,16.66666667,Cstart,12.49966913,14.482,1.158590667,2.03606,82.589,1.441449768
G3d12,G:3d:1,3d,G,28.5,02.04.17,12:10:00,2.146,36.28,M,,,358,75.307,60.544,1.05669199,14.58333333,Cstart,29.16710808,35.654,1.222404357,3.066608,114.331,1.995452099
GC2a,G:C:2,C,G,30.5,02.04.17,12:20:00,1.747,34.6,F,,,359,91.194,104.432,1.822681981,468.75,Cstart,29.16914672,12.276,0.420855643,1.963993,79.114,1.380799585
G7d32,G:7d:3,7d,G,28.5,02.04.17,12:40:00,2.271,37.82,M,,,360,92.812,95.008,1.658202176,14.58333333,Cstart,10.41644592,13.075,1.2552266,2.01073,132.323,2.309471693
GH1b,G:H:1,H,G,30.5,02.04.17,12:55:00,2.36,37.26,M,,,361,94.141,14.897,0.260001661,10.41666667,Cstart,16.66843197,27.717,1.662843875,2.878561,343.124,5.988642678
GC22,G:C:2,C,G,28.5,02.04.17,15:55:00,1.786,35.1,M,,,362,105.946,79.787,1.392545649,16.66666667,Cstart,24.9979666,43.156,1.726380417,2.909091,210.964,3.682015872
GH23,G:H:2,H,G,28.5,02.04.17,16:40:00,2.142,37.46,M,,,363,85.873,46.193,0.806219825,12.5,Cstart,24.99928416,39.216,1.568684917,2.880288,190.437,3.323752188
GC3b,G:C:3,C,G,30.5,02.04.17,17:30:00,2.055,37,M,,,364,89.406,328.874,5.739933295,18.75,Cstart,22.91486764,33.064,1.442906,1.996537,0.64,0.011170106
GC3c,G:C:3,C,G,30.5,03.04.17,9:50:00,1.991,37.06,F,,,365,85.63,281.31,4.90978501,20.83333333,Cstart,60.42369126,54.585,0.903370828,2.642444,93.879,1.638497412
G7d1b,G:7d:1,7d,G,30.5,03.04.17,10:20:00,1.93,36.9,F,,,366,90.802,65.331,1.140240889,10.41666667,Cstart,12.50105113,17.666,1.413161167,1.920833,82.31,1.4365803
G7d1c,G:7d:1,7d,G,30.5,03.04.17,11:35:00,1.66,35.12,M,,,367,92.345,4.764,0.083147474,18.75,Cstart,16.66531928,19.326,1.15965375,1.921377,89.05,1.554215475
GC34,G:C:3,C,G,28.5,03.04.17,11:55:00,1.868,36.76,M,,,368,85.426,320.711,5.597462089,14.58333333,Cstart,16.66518988,28.4,1.704151,1.996537,301.592,5.263772638
GC1b,G:C:1,C,G,30.5,03.04.17,14:20:00,2.186,39.16,F,,,369,106.182,221.76,3.87044159,27.08333333,Cstart,22.91725788,14.698,0.641350727,1.903063,165.694,2.891905433
G30d21,G:30d:2,30d,G,28.5,04.04.17,8:10:00,1.935,36.66,F,,,370,72.746,110.788,1.933615093,8.333333333,Cstart,22.91518855,33.719,1.471469455,2.03606,142.237,2.48250361
G3d14,G:3d:1,3d,G,28.5,04.04.17,8:40:00,1.811,35.7,F,,,371,85.054,241.991,4.2235391,322.9166667,Other,,,,,,
GH1c,G:H:1,H,G,30.5,04.04.17,9:25:00,1.766,35.66,M,,,373,116.723,295.346,5.154759388,22.91666667,Cstart,18.75031303,33.943,1.810263111,3.690888,248.839,4.34305923
G30d22,G:30d:2,30d,G,28.5,04.04.17,9:35:00,2.338,38.82,F,,,374,86.203,35.362,0.617183241,16.66666667,Cstart,20.83207899,26.469,1.2705885,1.411765,122.471,2.13752188
G30d1b,G:30d:1,30d,G,30.5,04.04.17,10:20:00,2.012,35.68,F,,,376,91.783,257.905,4.501290757,29.16666667,Cstart,16.66701488,16.653,0.999159125,1.939493,189.246,3.302965319
GC23,G:C:2,C,G,28.5,04.04.17,11:25:00,2.447,38,F,,,377,78.026,12.074,0.210731023,14.58333333,Cstart,22.91620051,25.911,1.130684818,2.691337,109.705,1.914713179
GH2b,G:H:2,H,G,30.5,04.04.17,12:15:00,1.711,35,F,,,378,68.427,358.21,6.251943011,272.9166667,Other,,,,,,
G30d33,G:30d:3,30d,G,28.5,05.04.17,14:50:00,1.615,34.92,F,,,379,101.83,313.781,5.476510789,14.58333333,Cstart,12.50044549,13.796,1.103640667,1.939493,266.332,4.648369632
GC12,G:C:1,C,G,28.5,05.04.17,15:30:00,1.886,36.44,F,,,380,105.408,99.358,1.734123988,10.41666667,Other,,,,,,
G7d23,G:7d:2,7d,G,28.5,05.04.17,16:50:00,1.972,39,F,,,381,84.228,51.499,0.898826982,14.58333333,Cstart,22.91444321,31.497,1.374547909,3.009007,281.689,4.916399807
G7d13,G:7d:1,7d,G,28.5,05.04.17,17:05:00,1.679,35.4,M,,,382,51.586,319.696,5.579747,25,Cstart,12.49875012,12,0.960096,1.440144,302.859,5.285885956
G30d34,G:30d:3,30d,G,28.5,05.04.17,17:40:00,1.825,35.1,M,,,383,107.231,316.085,5.51672317,233.3333333,Other,,,,,,
G30d14,G:30d:1,30d,G,28.5,05.04.17,17:50:00,2.546,38.32,F,,,384,66.224,310.379,5.417134697,10.41666667,Cstart,22.9183316,37.281,1.626689091,2.954343,192.339,3.356948345
G7d14,G:7d:1,7d,G,28.5,05.04.17,18:00:00,2.645,39.88,M,,,385,102.48,301.809,5.267560002,14.58333333,Cstart,22.91493095,25.964,1.133060364,1.996537,190.176,3.319196879
G30d3d,G:30d:3,30d,G,30.5,06.04.17,10:45:00,1.915,36.38,F,,,386,100.529,82.648,1.442479512,22.91666667,Cstart,14.58520364,23.866,1.636315857,2.184817,123.891,2.162305551
GH3c,G:H:3,H,G,30.5,06.04.17,11:00:00,2.164,37.3,M,,,387,84.242,2.546,0.044436076,29.16666667,Cstart,18.7493205,24.144,1.287726667,1.93159,63.435,1.107149451
G30d1c,G:30d:1,30d,G,30.5,06.04.17,11:15:00,1.656,32.66,M,,,388,103.81,120.603,2.104919134,95.83333333,Cstart,16.66636731,18.326,1.09957975,1.939493,160.181,2.795685445
GH2c,G:H:2,H,G,30.5,06.04.17,11:45:00,1.162,31,F,,,389,112.154,130.135,2.271283894,164.5833333,Cstart,33.3324293,21.739,0.652187688,1.885094,209.624,3.658628463
GH3d,G:H:3,H,G,30.5,06.04.17,11:50:00,1.763,34.7,F,,,390,95.029,276.582,4.827265855,12.5,Cstart,14.58209248,12.731,0.873057143,1.957954,205.866,3.593038999
G30d23,G:30d:2,30d,G,28.5,06.04.17,14:45:00,2.028,37.52,F,,,391,98.979,64.87,1.132194922,22.91666667,Cstart,29.16626007,48.271,1.655028786,4.42019,172.999,3.019401717
G3d23,G:3d:2,3d,G,28.5,06.04.17,15:05:00,2.346,39.1,F,,,392,99.45,305.362,5.329571541,60.41666667,Other,,,,,,
G3d33,G:3d:3,3d,G,28.5,06.04.17,15:55:00,2.442,38.76,F,,,393,103.244,121.057,2.112842928,14.58333333,Cstart,12.49866349,15.177,1.214289833,1.903063,67.249,1.173716299
G7d24,G:7d:2,7d,G,28.5,06.04.17,16:15:00,2.098,39.7,F,,,395,115.498,284.767,4.970121033,14.58333333,Cstart,10.41648789,13.11,1.2585816,2.016105,260.238,4.542009283
G7d33,G:7d:3,7d,G,28.5,06.04.17,16:30:00,1.773,34.3,F,,,396,100.131,324.866,5.669980509,187.5,Other,,,,,,
G3d1b,G:3d:1,3d,G,30.5,06.04.17,16:40:00,1.469,32.36,M,,,397,81.72,282.707,4.934167256,191.6666667,Cstart,8.334351813,8.49,1.0186755,1.358234,241.343,4.212229368
G7d2c,G:7d:2,7d,G,30.5,06.04.17,17:10:00,1.662,36,M,,,398,116.738,117.631,2.053047956,372.9166667,Other,,,,,,
G7d2d,G:7d:2,7d,G,30.5,06.04.17,17:20:00,2.215,37.46,F,,,399,92.805,86.721,1.513566762,16.66666667,Cstart,10.41498757,8.49,0.8151714,1.358619,41.918,0.73160701
G3d3b,G:3d:3,3d,G,30.5,06.04.17,17:50:00,1.749,35.7,M,,,400,98.064,308.498,5.384305058,16.66666667,Cstart,27.08147393,33.62,1.241439077,1.957954,180.282,3.146514028
G3d3c,G:3d:3,3d,G,30.5,06.04.17,17:55:00,1.576,33.9,M,,,401,72.875,341.862,5.966616626,281.25,Other,,,,,,
G3d3d,G:3d:3,3d,G,30.5,06.04.17,18:00:00,1.526,34.78,M,,,402,93.277,7.964,0.138998002,22.91666667,Cstart,22.91436387,27.551,1.202346273,1.903063,82.235,1.435271303
GC1c,G:C:1,C,G,30.5,06.04.17,18:20:00,2.253,37,F,,,403,91.753,51.565,0.899978899,25,Cstart,10.41651983,12.858,1.2343854,1.977345,117.646,2.053309755
GC2b,G:C:2,C,G,30.5,06.04.17,19:00:00,2.32,39,F,,,405,81.047,254.597,4.443555274,22.91666667,Cstart,31.24943677,40.109,1.283511133,3.009007,130.45,2.276781681
GC2c,G:C:2,C,G,30.5,06.04.17,19:05:00,2.452,39,F,,,406,54.162,287.913,5.025029084,112.5,Other,,,,,,
G7d3e,G:7d:3,7d,G,30.5,06.04.17,19:30:00,2.029,35.78,M,,,407,119.555,92.301,1.61095612,18.75,Cstart,10.41669674,22.367,2.1472258,2.742857,114.228,1.99365441
GC14,G:C:1,C,G,28.5,06.04.17,19:55:00,2.776,40.7,M,,,409,100.237,38.954,0.679875459,152.0833333,Other,,,,,,
GH34,G:H:3,H,G,28.5,06.04.17,20:00:00,1.779,37,M,,,410,64.392,3.814,0.066566848,516.6666667,Other,,,,,,
HC31,H:C:3,C,H,28.5,09.04.17,9:35:00,1.637,35.5,M,,,411,65.012,220.601,3.850213227,12.5,Cstart,18.75092799,22.479,1.198820667,1.851166,184.236,3.215524336
H3d11,H:3d:1,3d,H,28.5,09.04.17,14:45:00,1.992,36.34,F,,,412,70.945,308.426,5.383048422,252.0833333,Cstart,41.6649637,43.886,1.05330705,1.976769,213.509,3.726434495
H30d3a,H:30d:3,30d,H,30.5,09.04.17,15:50:00,1.848,35.2,M,,,413,107.215,95.711,1.670471839,14.58333333,Cstart,24.99808583,31.234,1.249455667,2.879424,210.735,3.678019068
H7d2a,H:7d:2,7d,H,30.5,09.04.17,16:45:00,1.382,33.14,M,,,415,91.564,338.385,5.905931537,22.91666667,Cstart,18.74966323,18.326,0.977404222,1.939493,70.463,1.229811173
H7d31,H:7d:3,7d,H,28.5,09.04.17,17:40:00,1.304,33.14,F,,,416,107.579,97.237,1.69710556,16.66666667,Cstart,16.66584438,25.208,1.512554625,1.976769,84.958,1.482796612
HH3a,H:H:3,H,H,30.5,10.04.17,10:30:00,1.208,31,M,,,417,96.129,28.443,0.496423927,181.25,Other,,,,,,
HH2a,H:H:2,H,H,30.5,10.04.17,10:40:00,1.302,31,M,,,418,117.439,41.138,0.717993444,14.58333333,Cstart,12.49999123,11.88,0.950400667,1.425601,17.133,0.299027218
H7d11,H:7d:1,7d,H,28.5,10.04.17,13:00:00,1.447,33.16,F,,,421,105.441,287.19,5.012410355,16.66666667,Cstart,22.9194173,29.337,1.280006364,1.86849,183.394,3.200828666
H3d21,H:3d:2,3d,H,28.5,10.04.17,13:20:00,2.494,39.62,F,,,422,128.834,252.255,4.402679669,22.91666667,Cstart,45.83383126,27.423,0.5983135,1.977345,196.26,3.425382695
H30d21,H:30d:2,30d,H,28.5,10.04.17,14:40:00,2.197,37,F,,,423,120.552,183.731,3.206710425,187.5,Cstart,41.66377269,43.61,1.0467127,1.996537,70.253,1.226145982
H7d12,H:7d:1,7d,H,28.5,10.04.17,15:50:00,1.919,35.9,M,,,424,120.249,17.671,0.308417088,14.58333333,Cstart,18.7488711,23.528,1.254902222,1.411765,302.471,5.27911408
HC22,H:C:2,C,H,28.5,10.04.17,15:05:00,1.509,35.9,M,,,425,101.107,267.709,4.672402813,18.75,Cstart,22.91602958,29.376,1.281897455,3.009007,181.909,3.174910531
HC3a,H:C:3,C,H,30.5,10.04.17,17:00:00,1.857,35,F,,,426,110.367,21.966,0.383378968,25,Cstart,22.91651436,34.168,1.490977182,2.981424,83.674,1.460386587
HC1b,H:C:1,C,H,30.5,11.04.17,10:00:00,2.139,36.26,M,,,427,99.349,37.875,0.661043359,18.75,Cstart,14.58381312,14.565,0.99871,1.398194,81.973,1.430698541
HC3b,H:C:3,C,H,30.5,11.04.17,10:15:00,1.424,32.7,F,,,428,96.054,49.316,0.86072645,18.75,Cstart,16.66460026,20.783,1.247134625,1.903063,115.201,2.010636461
H7d2b,H:7d:2,7d,H,30.5,11.04.17,10:25:00,1.711,34.24,F,,,429,96.188,21.161,0.36932907,22.91666667,Cstart,22.916224,26.208,1.143643909,1.397787,117.897,2.057690531
HH23,H:H:2,H,H,28.5,11.04.17,12:20:00,1.768,35.3,F,,,431,81.52,244.431,4.266125128,33.33333333,Cstart,10.41700937,11.652,1.1185552,1.398194,228.576,3.989403215
HC12,H:C:1,C,H,28.5,11.04.17,13:30:00,1.391,32.76,F,,,432,85.71,350.311,6.114079473,14.58333333,Cstart,18.75067012,20.694,1.103640556,2.742857,241.887,4.221723958
H7d22,H:7d:2,7d,H,28.5,11.04.17,13:50:00,3.258,38.64,M,,,433,89.707,291.289,5.083951391,12.5,Cstart,31.24738328,34.282,1.097115867,1.996537,187.382,3.270432387
HH3c,H:H:3,H,H,30.5,11.04.17,16:10:00,1.142,31.9,F,,,434,103.866,3.013,0.052586763,16.66666667,Cstart,16.66619469,20.304,1.2182745,1.903063,301.898,5.269113344
H30d23,H:30d:2,30d,H,28.5,12.04.17,8:45:00,1.691,35,M,,,435,89.771,76.211,1.330132684,14.58333333,Cstart,27.08108665,44.323,1.636677308,1.996537,227.936,3.978233109
H3d13,H:3d:1,3d,H,28.5,12.04.17,9:00:00,1.677,35.4,M,,,436,93.706,48.618,0.848544053,14.58333333,Cstart,16.66667716,26.48,1.588799,2.879424,14.125,0.246527721
H7d2d,H:7d:2,7d,H,30.5,12.04.17,10:00:00,1.26,32.4,F,,,437,115.156,356.906,6.229183921,287.5,Other,,,,,,
HC2c,H:C:2,C,H,30.5,12.04.17,10:10:00,2.03,37.5,M,,,438,98.53,123.69,2.15879744,14.58333333,Cstart,14.58252558,24.936,1.709991857,3.156802,134.366,2.345128764
HC1c,H:C:1,C,H,30.5,13.04.17,12:10:00,1.945,35.34,F,,,439,85.518,274.139,4.784627467,22.91666667,Cstart,12.49972429,20.118,1.6094755,1.885618,259.216,4.524172021
HH13,H:H:1,H,H,28.5,13.04.17,16:05:00,1.523,33,F,,,441,101.131,329.864,5.757212053,18.75,Cstart,12.4997252,20.28,1.622435667,2.016105,267.51,4.668929608
H30d32,H:30d:3,30d,H,28.5,13.04.17,16:20:00,1.68,34.8,M,,,442,103.02,332.023,5.794893706,18.75,Cstart,10.41613098,17.986,1.7267448,3.095796,282.995,4.939193804
H3d14,H:3d:1,3d,H,28.5,13.04.17,16:55:00,2.052,37.3,M,,,443,99.076,314.766,5.49370228,20.83333333,Cstart,16.6645968,20.983,1.259136375,1.921377,256.329,4.473784372
HC33,H:C:3,C,H,28.5,13.04.17,17:40:00,1.968,35.48,M,,,445,123.721,1.584,0.027646011,31.25,Cstart,16.66513858,23.993,1.439712,2.879424,77.03,1.344426929
H3d15,H:3d:1,3d,H,28.5,13.04.17,18:00:00,1.66,34,M,,,446,96.915,73.887,1.289571238,16.66666667,Cstart,27.08401614,23.551,0.869553462,1.939493,209.055,3.648697541
H30d12,H:30d:1,30d,H,28.5,13.04.17,18:10:00,1.982,36.9,M,,,447,89.259,354.289,6.183508661,52.08333333,Other,,,,,,
H3d2a,H:3d:2,3d,H,30.5,14.04.17,9:35:00,1.126,30,F,,,448,71.689,32.735,0.571333448,35.41666667,Cstart,18.74920117,24.009,1.280534556,1.977345,290.45,5.069308081
H7d3a,H:7d:3,7d,H,30.5,14.04.17,10:05:00,2.156,37.36,M,,,449,64.82,107.526,1.876682461,10.41666667,Cstart,12.50025865,17.418,1.393411167,3.308609,158.824,2.772001331
H3d3a,H:3d:3,3d,H,30.5,14.04.17,10:15:00,1.613,34.56,M,,,450,101.031,9.246,0.161373119,272.9166667,Other,,,,,,
H7d34,H:7d:3,7d,H,28.5,14.04.17,11:20:00,1.29,31.2,F,,,451,115.324,0,0,18.75,Cstart,12.49893641,12.731,1.018566667,1.957954,264.352,4.613812118
HH2d,H:H:2,H,H,30.5,14.04.17,14:50:00,1.254,32,F,,,454,85.521,90,1.5707961,12.5,Cstart,20.83268091,31.532,1.5135834,2.795574,214.992,3.752317724
HC24,H:C:2,C,H,28.5,14.04.17,17:00:00,1.32,37.26,F,,,457,101.737,56.535,0.98672175,27.08333333,Cstart,31.24708886,36.718,1.175085467,1.996537,168.899,2.947843228
HC14,H:C:1,C,H,28.5,15.04.17,8:10:00,2.183,38.5,M,,,458,105.186,42.709,0.745412563,93.75,Other,,,,,,
H7d24,H:7d:2,7d,H,28.5,15.04.17,8:30:00,0.884,26.8,M,,,459,113.171,264.144,4.610181834,41.66666667,Cstart,16.66537277,23.023,1.38148725,2.823529,182.157,3.179238947
H3d35,H:3d:3,3d,H,28.5,15.04.17,8:40:00,1.927,36.34,F,,,460,122.216,13.382,0.233559927,20.83333333,Cstart,24.99998247,29.7,1.188000833,1.425601,284.488,4.965251566
H7d3b,H:7d:3,7d,H,30.5,15.04.17,9:15:00,2.76,40.32,F,,,461,39.137,104.349,1.821233358,20.83333333,Cstart,14.58312739,16.08,1.102644143,2.016105,293.199,5.117287175
H3d1b,H:3d:1,3d,H,30.5,15.04.17,9:25:00,1.411,33.46,M,,,462,94.247,34.655,0.604843765,33.33333333,Cstart,12.49902567,15.1,1.208094167,1.449713,261.87,4.570493052
H3d3b,H:3d:3,3d,H,30.5,15.04.17,10:00:00,1.855,36.3,M,,,463,95.313,230.528,4.023472037,20.83333333,Cstart,10.41658056,19.405,1.8628954,2.984147,195.818,3.417668341
HC1d,H:C:1,C,H,30.5,15.04.17,10:10:00,1.798,36,M,,,464,102.169,327.167,5.710140529,31.25,Cstart,22.91986792,23.955,1.045163091,1.932316,78.801,1.375336705
H30d14,H:30d:1,30d,H,28.5,15.04.17,10:20:00,1.58,32.6,M,,,465,105.187,312.776,5.458970233,10.41666667,Cstart,47.91503587,25.708,0.536533043,1.976769,93.854,1.63806108
H3d24,H:3d:2,3d,H,28.5,15.04.17,11:05:00,2.443,38.56,F,,,466,105.14,261.87,4.570493052,18.75,Cstart,10.41664929,17.487,1.6787548,2.880288,230.329,4.019998832
H3d3d,H:3d:3,3d,H,30.5,15.04.17,11:50:00,2.31,38.3,F,,,467,117.542,301.164,5.25630263,18.75,Cstart,12.49982347,16.08,1.286418167,2.016105,223.62,3.90290471
H7d3c,H:7d:3,7d,H,30.5,15.04.17,12:05:00,2.182,38.24,F,,,468,85.679,359.635,6.276813949,14.58333333,Cstart,18.7488711,20.587,1.098039444,1.411765,53.522,0.934134987
H30d3b,H:30d:3,30d,H,30.5,15.04.17,12:15:00,2.021,37.16,M,,,469,86.729,352.694,6.155670663,12.5,Cstart,29.16898607,40.584,1.391340786,2.980441,213.232,3.721599933
HH1d,H:H:1,H,H,30.5,15.04.17,14:30:00,1.327,32.08,M,,,470,80.384,20.358,0.355314078,20.83333333,Cstart,14.58232184,21.805,1.495303714,2.823529,68.012,1.187033159
HC3d,H:C:3,C,H,30.5,15.04.17,14:40:00,1.552,33.7,M,,,471,84.938,325.784,5.686002629,131.25,Other,,,,,,
H30d3c,H:30d:3,30d,H,30.5,15.04.17,14:50:00,2.181,36.28,M,,,472,85.084,246.038,4.294172565,18.75,Cstart,16.66477078,16.646,0.998873625,1.938939,242.447,4.231497801
H3d1d,H:3d:1,3d,H,30.5,15.04.17,15:00:00,1.85,37,F,,,473,99.305,42.274,0.737820381,18.75,Cstart,16.66712227,32.467,1.94796675,3.462299,339.341,5.922616882
H3d2c,H:3d:2,3d,H,30.5,15.04.17,15:35:00,1.226,33,M,,,474,92.71,326.31,5.69518306,58.33333333,Other,,,,,,
H3d2d,H:3d:2,3d,H,30.5,15.04.17,15:50:00,2.292,36.12,M,,,475,111.713,51.34,0.896051909,16.66666667,Cstart,14.58215478,22.426,1.537907143,2.691337,123.69,2.15879744
I30d11,I:30d:1,30d,I,28.5,22.04.17,12:15:00,2.094,37.12,F,,,476,83.232,332.819,5.808786525,14.58333333,Cstart,25.00194063,34.141,1.365534,3.037104,35.311,0.616293123
IH21,I:H:2,H,I,28.5,22.04.17,12:50:00,2.356,38.1,F,,,477,44.069,47.49,0.828856742,6.25,Cstart,27.08131291,41.887,1.546712308,2.823529,246.615,4.304243113
IH31,I:H:3,H,I,28.5,22.04.17,13:00:00,1.465,32.14,M,,,478,52.424,311.186,5.431219502,6.25,Cstart,16.66557131,23.773,1.42647375,1.957954,214.484,3.743451452
I30d21,I:30d:2,30d,I,28.5,22.04.17,13:10:00,2.494,38.84,M,,,479,100.005,267.161,4.66283841,20.83333333,Cstart,10.41611429,21.096,2.0253234,2.796388,235.008,4.101662776
IC1a,I:C:1,C,I,30.5,22.04.17,15:15:00,1.78,35.4,F,,,480,108.426,76.817,1.340709378,22.91666667,Cstart,10.41634585,14.34,1.3766824,2.016105,82.747,1.444207388
I7d1a,I:7d:1,7d,I,30.5,22.04.17,15:20:00,1.674,33.8,M,,,481,111.977,69.474,1.212549869,18.75,Cstart,12.50041125,11.652,0.932129333,2.796388,129.56,2.261248252
I30d3a,I:30d:3,30d,I,30.5,22.04.17,15:30:00,1.722,34.92,M,,,482,96.301,145.542,2.540186733,310.4166667,Other,,,,,,
I30d1a,I:30d:1,30d,I,30.5,22.04.17,15:40:00,1.771,35.34,M,,,483,84.687,205.346,3.583963288,25,Cstart,18.75129744,24.479,1.305456333,3.037104,275.711,4.812064039
I3d2a,I:3d:2,3d,I,30.5,22.04.17,15:50:00,2.13,38.18,F,,,484,88.358,289.819,5.058295055,2.083333333,Other,,,,,,
I3d31,I:3d:3,3d,I,28.5,22.04.17,17:10:00,3.024,42.7,F,,,486,44.122,275.599,4.810109271,10.41666667,Cstart,27.08246307,32.611,1.204137154,1.939493,181.736,3.171891111
I3d11,I:3d:1,3d,I,28.5,22.04.17,17:20:00,1.909,35.08,M,,,487,96.023,172.875,3.017237509,39.58333333,Cstart,29.16454124,31.846,1.091942429,1.996537,231.291,4.036788897
IC21,I:C:2,C,I,28.5,22.04.17,17:30:00,2.067,37,M,,,488,94.411,83.571,1.458588899,16.66666667,Cstart,31.24851627,45.105,1.443428533,2.796388,240.255,4.193240189
IH1a,I:H:1,H,I,30.5,22.04.17,17:40:00,2.389,39.08,F,,,489,81.453,334.799,5.843344039,16.66666667,Other,,,,,,
IC3a,I:C:3,C,I,30.5,22.04.17,17:50:00,2.569,40.68,M,,,490,110.101,84.079,1.46745517,20.83333333,Cstart,24.99940712,42.693,1.7077605,2.796388,171.87,2.999696952
IH2a,I:H:2,H,I,30.5,22.04.17,17:55:00,1.743,35,M,,,491,65.138,99.181,1.731034755,27.08333333,Cstart,27.08048318,37.095,1.369805692,2.057038,257.758,4.498725124
I3d3a,I:3d:3,3d,I,30.5,22.04.17,18:00:00,2.183,36.5,M,,,492,95.732,42.274,0.737820381,20.83333333,Other,,,,,,
IC2a,I:C:2,C,I,30.5,22.04.17,18:10:00,1.777,35.7,F,,,494,102.225,117.172,2.045036896,320.8333333,Other,,,,,,
I7d11,I:7d:1,7d,I,28.5,23.04.17,14:50:00,1.418,32,M,,,495,101.495,186.072,3.247568577,381.25,Other,,,,,,
I3d21,I:3d:2,3d,I,28.5,23.04.17,15:25:00,2.662,40.4,F,,,496,37.096,251.565,4.390636899,8.333333333,Cstart,29.16716406,43.492,1.491128857,2.666667,168.69,2.94419549
IC31,I:C:3,C,I,28.5,23.04.17,16:30:00,1.742,35.4,M,,,497,95.498,357.397,6.237753486,112.5,Other,,,,,,
IC11,I:C:1,C,I,28.5,23.04.17,16:40:00,1.896,37,M,,,498,91.226,307.235,5.362261553,25,Cstart,14.58293439,15.84,1.086201143,3.009007,244.654,4.270017212
I3d1a,I:3d:1,3d,I,30.5,23.04.17,16:50:00,1.679,33.82,M,,,499,94.799,112.751,1.967875901,18.75,Cstart,18.74984838,28.081,1.497665444,1.939493,159.291,2.780152017
IH3a,I:H:3,H,I,30.5,23.04.17,17:00:00,1.622,33.82,F,,,500,111.136,71.996,1.256567067,14.58333333,Cstart,12.49960816,23.26,1.860858333,3.095796,110.225,1.92378889
IH1b,I:H:1,H,I,30.5,23.04.17,17:05:00,1.863,35.3,F,,,501,67.138,313.781,5.476510789,14.58333333,Cstart,31.25132178,33.889,1.084402133,2.077816,203.962,3.559807935
I3d2b,I:3d:2,3d,I,30.5,23.04.17,17:15:00,1.916,36.58,M,,,502,82.845,186.221,3.250169117,29.16666667,Cstart,18.74847287,26.421,1.409234778,1.977345,252.35,4.404337732
IC32,I:C:3,C,I,28.5,24.04.17,16:00:00,2.714,41.34,M,,,504,70.309,4.611,0.08047712,168.75,Other,,,,,,
I7d12,I:7d:1,7d,I,28.5,24.04.17,16:10:00,2.223,39.16,M,,,505,85.426,127.807,2.230652635,12.5,Cstart,24.99772541,31.23,1.249313667,1.957954,156.801,2.736693325
I3d32,I:3d:3,3d,I,28.5,24.04.17,16:15:00,1.855,36.58,M,,,506,87.326,348.269,6.078439855,14.58333333,Cstart,29.16440487,38.871,1.332823357,2.909091,53.522,0.934134987
I7d32,I:7d:3,7d,I,28.5,24.04.17,16:50:00,2.163,37,M,,,507,57.58,353.991,6.17830758,10.41666667,Cstart,27.08389917,33.306,1.229734308,1.939493,213.111,3.719488085
I3d12,I:3d:1,3d,I,28.5,24.04.17,17:10:00,2.396,38.5,F,,,508,75.236,302.515,5.279882024,12.5,Cstart,29.16486,35.481,1.216566786,1.903063,182.263,3.181088995
I30d2a,I:30d:2,30d,I,30.5,24.04.17,17:25:00,2.095,37.28,M,,,509,41.921,319.086,5.569100493,75,Other,,,,,,
I7d2a,I:7d:2,7d,I,30.5,24.04.17,17:35:00,2.44,38.14,F,,,510,48.937,12.095,0.211097543,10.41666667,Cstart,33.33061835,51.408,1.542365625,1.99595,265.772,4.63859579
I7d3a,I:7d:3,7d,I,30.5,24.04.17,17:40:00,2.043,36.48,M,,,511,99.312,159.444,2.782822371,218.75,Cstart,52.08670176,32.956,0.63271428,1.437987,117.17,2.045001989
I7d1b,I:7d:1,7d,I,30.5,24.04.17,17:50:00,1.917,37.7,F,,,512,76.568,20.772,0.36253974,8.333333333,Cstart,20.83211167,27.852,1.3369744,1.957954,62.071,1.083343164
I30d3b,I:30d:3,30d,I,30.5,24.04.17,18:00:00,2.421,38.3,F,,,513,79.186,49.399,0.862175073,27.08333333,Cstart,27.08264122,30.326,1.119757846,1.976769,138.991,2.42585023
IC22,I:C:2,C,I,28.5,25.04.17,13:05:00,1.825,36.3,F,,,514,50.133,246.991,4.31080555,6.25,Cstart,22.91922226,20.982,0.915476091,1.920833,180.573,3.151592935
I3d13,I:3d:1,3d,I,28.5,25.04.17,13:15:00,2.079,37.22,F,,,515,64.397,300.069,5.237191277,137.5,Other,,,,,,
I7d13,I:7d:1,7d,I,28.5,25.04.17,13:25:00,1.935,35.62,M,,,516,59.894,353.387,6.167765793,89.58333333,Other,,,,,,
I7d33,I:7d:3,7d,I,28.5,25.04.17,13:35:00,2.291,35.88,F,,,517,66.871,295.463,5.156801423,10.41666667,Cstart,14.58235541,16.496,1.131230143,1.921377,291.371,5.085382561
IH1c,I:H:1,H,I,30.5,25.04.17,14:00:00,1.979,36.78,M,,,518,106.631,140.599,2.453915121,137.5,Cstart,12.49875012,9,0.720072,1.440144,203.848,3.55781826
I3d2c,I:3d:2,3d,I,30.5,25.04.17,14:10:00,2.826,40.48,M,,,519,87.938,78.062,1.362438724,460.4166667,Other,,,,,,
IH2b,I:H:2,H,I,30.5,25.04.17,14:50:00,1.987,36.7,F,,,521,109.268,261.87,4.570493052,18.75,Cstart,14.58276911,16.638,1.140935571,2.086117,190.305,3.321448353
IC2b,I:C:2,C,I,30.5,25.04.17,15:00:00,2.473,39,F,,,522,112.782,70.741,1.234663188,14.58333333,Cstart,18.75102446,18.151,0.968000444,2.716469,82.484,1.439617172
I3d2d,I:3d:2,3d,I,30.5,25.04.17,15:05:00,2.33,38.14,F,,,523,101.171,158.871,2.772821636,37.5,Cstart,16.6664313,16.08,0.964813625,2.016105,130.236,2.273046676
I30d12,I:30d:1,30d,I,28.5,25.04.17,15:45:00,1.879,35.6,F,,,524,44.542,122.661,2.140838005,8.333333333,Cstart,20.83253446,29.826,1.4317029,2.795574,194.036,3.386566578
IH12,I:H:1,H,I,28.5,25.04.17,15:50:00,1.796,34.4,F,,,525,47.46,14.931,0.260595073,6.25,Cstart,16.66503326,21.383,1.28310575,1.957954,124.509,2.173091685
IC23,I:C:2,C,I,28.5,25.04.17,16:00:00,2.298,39.36,F,,,526,103.827,91.081,1.589663106,12.5,Cstart,18.7499961,20.033,1.068426889,2.593894,153.435,2.677945551
I7d22,I:7d:2,7d,I,28.5,25.04.17,16:50:00,2.12,38.44,F,,,527,61.358,60.255,1.051647989,564.5833333,Other,,,,,,
IC1c,I:C:1,C,I,30.5,25.04.17,17:05:00,2.071,37.74,M,,,528,43.905,78.376,1.367919057,6.25,Cstart,24.99904934,35.829,1.4332145,3.126457,216.139,3.772336647
IH3b,I:H:3,H,I,30.5,25.04.17,17:10:00,2.244,37.74,F,,,529,87.12,300.643,5.247209465,312.5,Cstart,16.66883178,18.798,1.1277335,1.86849,265.301,4.63037529
I3d1b,I:3d:1,3d,I,30.5,25.04.17,17:20:00,1.223,31.78,F,,,530,88.298,46.355,0.809047258,22.91666667,Cstart,24.9997135,31.631,1.2652545,3.187742,189.768,3.312075937
IH2c,I:H:2,H,I,30.5,25.04.17,17:35:00,1.364,30.7,M,,,531,49.168,40.236,0.702250576,8.333333333,Cstart,20.8321549,31.82,1.5274464,2.717238,132.832,2.318355417
IH2d,I:H:2,H,I,30.5,25.04.17,17:40:00,1.785,34.62,F,,,532,92.261,30.379,0.530213497,285.4166667,Other,,,,,,
I7d14,I:7d:1,7d,I,28.5,26.04.17,10:20:00,2.029,36.98,F,,,533,72.428,94.316,1.6461245,14.58333333,Cstart,16.66578286,21.096,1.265827125,2.796388,141.953,2.477546875
I3d22,I:3d:2,3d,I,28.5,26.04.17,10:40:00,2.192,40,M,,,534,72.818,19.179,0.334736649,14.58333333,Cstart,18.74854267,23.023,1.227988778,1.996537,65.283,1.139403131
I30d13,I:30d:1,30d,I,28.5,26.04.17,10:45:00,2.33,39.06,M,,,535,30.229,315,5.49778635,6.25,Cstart,41.66604157,45.27,1.0864963,2.016105,216.254,3.774343776
IH33,I:H:3,H,I,28.5,26.04.17,10:50:00,1.625,33.92,M,,,536,75.983,312.436,5.453036114,89.58333333,Other,,,,,,
I3d23,I:3d:2,3d,I,28.5,26.04.17,11:20:00,2.482,37,F,,,537,61.78,53.027,0.925495609,25,Other,,,,,,
I30d22,I:30d:2,30d,I,28.5,26.04.17,14:05:00,1.777,34.86,F,,,538,69.321,79.883,1.394221165,10.41666667,Cstart,24.99795451,37.223,1.489041833,2.823529,214.968,3.751898845
IH34,I:H:3,H,I,28.5,26.04.17,14:10:00,2.07,37.74,M,,,539,75.625,285.255,4.978638239,875,Other,,,,,,
IH22,I:H:2,H,I,28.5,26.04.17,14:20:00,2.281,37.72,M,,,540,83.108,319.399,5.574563373,8.333333333,Cstart,24.99949775,33.39,1.335626833,2.016105,147.653,2.577030628
I30d14,I:30d:1,30d,I,28.5,26.04.17,14:40:00,2.476,40,F,,,541,75.957,255.779,4.464185063,29.16666667,Cstart,16.66471648,14.42,0.86530125,1.384482,197.103,3.440095819
IH13,I:H:1,H,I,28.5,26.04.17,14:50:00,1.381,31.5,F,,,542,83.497,294.59,5.141564701,220.8333333,Other,,,,,,
I30d32,I:30d:3,30d,I,28.5,26.04.17,15:00:00,2.001,36.9,F,,,543,59.025,229.97,4.013733101,12.5,Cstart,22.91528688,26.469,1.155080455,1.411765,155.225,2.70918694
I30d23,I:30d:2,30d,I,28.5,26.04.17,16:30:00,2.325,37.46,F,,,544,107.098,165.964,2.896617822,645.8333333,Cstart,,,,,124.007,2.164330133
IH23,I:H:2,H,I,28.5,26.04.17,16:35:00,1.481,32.96,M,,,545,62.854,293.033,5.114389929,10.41666667,Cstart,16.66624885,19.695,1.181729625,2.768965,219.56,3.832044352
IH24,I:H:2,H,I,28.5,26.04.17,16:40:00,1.83,35.1,F,,,546,72.549,51.116,0.892142372,235.4166667,Other,,,,,,
I30d24,I:30d:2,30d,I,28.5,26.04.17,16:50:00,1.909,34.26,M,,,547,81.108,276.509,4.825991765,14.58333333,Cstart,20.83141901,25.459,1.2221443,1.996537,185.194,3.232244588
I30d33,I:30d:3,30d,I,28.5,26.04.17,17:00:00,2.112,38.48,F,,,548,34.928,244.47,4.266805806,8.333333333,Cstart,16.6666116,25.224,1.513445,1.939493,192.075,3.352340677
I30d34,I:30d:3,30d,I,28.5,26.04.17,17:05:00,1.694,35.3,M,,,549,82.052,73.04,1.274788302,14.58333333,Cstart,16.66592338,25.972,1.5583895,2.036671,34.611,0.60407582
I7d34,I:7d:3,7d,I,28.5,26.04.17,17:15:00,2.774,42.46,F,,,550,34.827,351.327,6.131812016,4.166666667,Cstart,18.74957226,27.853,1.485527222,2.768965,251.301,4.38602923
I7d23,I:7d:2,7d,I,28.5,26.04.17,17:20:00,1.593,34.7,M,,,551,77.604,335.056,5.847829534,14.58333333,Cstart,16.66683479,19.001,1.1400485,3.066608,16.928,0.295449293
I7d24,I:7d:2,7d,I,28.5,26.04.17,17:45:00,1.693,34.68,M,,,552,122.142,243.435,4.248741651,16.66666667,Cstart,18.7484842,19.326,1.030803333,1.921377,201.448,3.515930364
I3d33,I:3d:3,3d,I,28.5,26.04.17,17:55:00,1.814,35.58,M,,,553,90.963,291.448,5.086726464,25,Cstart,14.58381312,17.478,1.198452,2.796388,289.537,5.053373227
I3d34,I:3d:3,3d,I,28.5,26.04.17,18:45:00,2.166,36.6,M,,,554,102.456,207.418,3.620126505,16.66666667,Other,,,,,,
IC33,I:C:3,C,I,28.5,26.04.17,18:50:00,2.39,38.8,M,,,555,89.8,304.509,5.314683885,20.83333333,Cstart,12.49957099,19.181,1.534532667,3.095796,290.472,5.069692053
IC12,I:C:1,C,I,28.5,26.04.17,19:00:00,2.006,36.88,M,,,556,101.327,60.362,1.053515491,27.08333333,Cstart,18.7494776,19.89,1.060829556,1.977345,103.671,1.809400028
IC13,I:C:1,C,I,28.5,26.04.17,19:10:00,2.827,39.88,F,,,557,78.204,312.609,5.456055534,14.58333333,Cstart,18.74815211,22.236,1.186036889,2.03606,15.945,0.278292709
IH3c,I:H:3,H,I,30.5,27.04.17,10:30:00,1.493,33.3,M,,,559,69.597,124.824,2.178589471,8.333333333,Cstart,10.41644006,16.567,1.5904666,2.937577,157.751,2.753273951
IC1d,I:C:1,C,I,30.5,27.04.17,12:25:00,1.811,36.4,M,,,561,97.585,281.176,4.907446269,543.75,Other,,,,,,
I3d3b,I:3d:3,3d,I,30.5,27.04.17,12:40:00,2.592,38.7,M,,,562,61.716,53.13,0.927293298,250,Other,,,,,,
IH1d,I:H:1,H,I,30.5,27.04.17,12:50:00,1.716,33.7,F,,,563,51.622,17.376,0.303268367,6.25,Cstart,20.8308956,28.84,1.384482,1.384482,144.462,2.52133718
IC2c,I:C:2,C,I,30.5,27.04.17,13:00:00,2.271,37,F,,,564,76.862,31.329,0.546794122,27.08333333,Cstart,16.66540377,20.784,1.2471345,2.691337,77.685,1.355858834
I3d3c,I:3d:3,3d,I,30.5,27.04.17,13:05:00,2.105,36.78,F,,,565,49.912,230.425,4.021674348,6.25,Cstart,20.83156069,25.462,1.22228,1.957954,190.784,3.329808479
IC3b,I:C:3,C,I,30.5,27.04.17,14:00:00,1.637,34.68,M,,,566,70.892,329.56,5.751906252,385.4166667,Other,,,,,,
IC3c,I:C:3,C,I,30.5,27.04.17,14:10:00,2.511,38.68,F,,,567,53.646,342.897,5.984680781,8.333333333,Cstart,33.33448615,45.12,1.353553188,2.666667,203.933,3.55930179
I3d3d,I:3d:3,3d,I,30.5,27.04.17,14:20:00,2.015,37,M,,,568,63.149,354.144,6.180977934,10.41666667,Cstart,18.75098829,28.776,1.534639111,1.939493,81.687,1.4257069
I30d3c,I:30d:3,30d,I,30.5,27.04.17,14:40:00,1.739,34.74,M,,,569,57.778,354.732,6.191240468,70.83333333,Cstart,14.58385716,20.185,1.384064571,3.066608,111.485,1.945780036
I7d1c,I:7d:1,7d,I,30.5,27.04.17,14:50:00,2.074,36.74,F,,,570,54.789,78.111,1.363293935,6.25,Cstart,20.83170566,33.516,1.6088937,3.251477,186.766,3.25968116
I30d2b,I:30d:2,30d,I,30.5,27.04.17,15:05:00,1.929,35.58,M,,,571,74.778,289.964,5.060825782,133.3333333,Cstart,20.8332205,31.542,1.5140242,1.977345,228.094,3.980990729
I30d1b,I:30d:1,30d,I,30.5,27.04.17,15:50:00,1.98,36.26,F,,,572,34.841,92.726,1.618373769,8.333333333,Cstart,22.91907983,31.599,1.378720273,2.954343,183.9,3.209660031
I3d1c,I:3d:1,3d,I,30.5,27.04.17,16:00:00,2.033,35.5,F,,,573,85.85,22.62,0.39479342,12.5,Cstart,14.58471865,16.494,1.130909714,1.920833,87.663,1.530007761
I7d3b,I:7d:3,7d,I,30.5,27.04.17,16:10:00,1.572,34.14,M,,,574,78.229,325.176,5.675391029,10.41666667,Cstart,27.08341795,42.675,1.575687385,3.126457,118.747,2.072525828
I30d3d,I:30d:3,30d,I,30.5,27.04.17,16:20:00,2.589,39.64,F,,,575,86.192,50.44,0.880343948,283.3333333,Other,,,,,,
I7d2b,I:7d:2,7d,I,30.5,27.04.17,16:25:00,1.897,35.8,F,,,576,78.249,327.995,5.724591854,12.5,Cstart,18.75147162,25.67,1.368959222,1.920833,74.249,1.295889329
I7d1d,I:7d:1,7d,I,30.5,27.04.17,16:35:00,2.278,37.68,F,,,578,73.501,72.15,1.259254874,10.41666667,Cstart,20.83401418,22.695,1.0893244,2.077816,159.884,2.790501818
I30d1c,I:30d:1,30d,I,30.5,27.04.17,16:40:00,2.517,39.38,F,,,579,87.916,239.036,4.171964628,8.333333333,Cstart,22.91634321,41.771,1.822760273,3.187742,204.852,3.575341363
I30d2c,I:30d:2,30d,I,30.5,27.04.17,16:50:00,1.628,33.12,M,,,580,65.821,75.114,1.310986425,16.66666667,Cstart,20.83206687,32.247,1.5479501,1.977345,171.943,3.000971042
I30d1d,I:30d:1,30d,I,30.5,27.04.17,17:00:00,1.911,35.74,M,,,581,38.856,353.811,6.175165988,81.25,Other,,,,,,
I30d2d,I:30d:2,30d,I,30.5,27.04.17,17:05:00,2.4,37.56,F,,,582,47.793,100.091,1.746917249,6.25,Cstart,18.74869771,21.805,1.163014111,1.996537,175.389,3.06111508
I7d3c,I:7d:3,7d,I,30.5,27.04.17,17:25:00,2.583,40.9,F,,,583,84.2,129.289,2.256518411,50,Other,,,,,,
I7d3d,I:7d:3,7d,I,30.5,27.04.17,17:30:00,1.589,34,F,,,584,43.68,261.87,4.570493052,4.166666667,Cstart,14.58315631,19.05,1.306301571,2.851203,220.914,3.855676107
I7d2c,I:7d:2,7d,I,30.5,27.04.17,17:40:00,2.001,37.06,M,,,585,98.012,70.331,1.227507339,285.4166667,Other,,,,,,
I7d2d,I:7d:2,7d,I,30.5,27.04.17,17:50:00,2.812,40.4,M,,,586,82.634,295.065,5.149855014,20.83333333,Cstart,31.24807686,35.476,1.135301867,2.879424,153.925,2.686497663
JC31,J:C:3,C,J,28.5,22.05.17,12:00:00,1.39,33.64,F,,,587,86.144,319.295,5.572748231,329.1666667,Other,,,,,,
JH31,J:H:3,H,J,28.5,22.05.17,12:25:00,2.694,40.7,F,,,588,80.16,334.093,5.831022016,14.58333333,Cstart,16.66566319,14.705,0.882353125,1.411765,22.249,0.388318249
J30d11,J:30d:1,30d,J,28.5,22.05.17,12:30:00,1.755,35.72,F,,,589,61.661,2.482,0.043319066,181.25,Other,,,,,,
JC11,J:C:1,C,J,28.5,22.05.17,16:25:00,1.731,34.68,F,,,591,69.439,48.366,0.844145824,12.5,Cstart,22.91454478,24.748,1.080012727,1.903063,175.601,3.064815177
J3d21,J:3d:2,3d,J,28.5,22.05.17,16:30:00,0.982,30,F,,,592,83.112,299.32,5.224118763,14.58333333,Cstart,12.49965173,9.945,0.795622167,1.977345,277.853,4.849448986
JH21,J:H:2,H,J,28.5,22.05.17,16:55:00,1.828,35.38,F,,,593,96.675,352.666,6.155181971,102.0833333,Other,,,,,,
J30d31,J:30d:3,30d,J,28.5,22.05.17,17:15:00,2.102,36.5,F,,,594,34.352,333.636,5.823045862,6.25,Cstart,22.91678557,32.122,1.40168,2.742857,221.186,3.860423402
J3d1a,J:3d:1,3d,J,30.5,22.05.17,17:25:00,1.617,34.5,M,,,595,76.363,4.704,0.082100276,333.3333333,Cstart,20.83331689,23.76,1.1404809,2.851203,292.38,5.10299293
J30d2a,J:30d:2,30d,J,30.5,22.05.17,17:30:00,2.365,38.3,M,,,596,67.354,318.576,5.560199315,181.25,Other,,,,,,
J7d1a,J:7d:1,7d,J,30.5,22.05.17,17:40:00,1.896,36.52,M,,,597,73.317,293.629,5.124792089,320.8333333,Cstart,29.16435062,32.425,1.111802571,1.957954,235.176,4.104594929
JC3a,J:C:3,C,J,30.5,22.05.17,17:45:00,1.344,32.3,F,,,598,82.338,38.991,0.68052123,10.41666667,Cstart,10.41634585,14.34,1.3766824,2.016105,92.862,1.620747416
J7d11,J:7d:1,7d,J,28.5,23.05.17,10:55:00,1.35,31.78,F,,,600,98.936,39.936,0.697014589,16.66666667,Cstart,18.74881231,18.154,0.968274667,2.717238,83.48,1.457000649
JC21,J:C:2,C,J,28.5,23.05.17,12:10:00,2.405,39.52,F,,,601,104.395,69.624,1.215167863,206.25,Cstart,52.08406994,37.711,0.72404096,1.851166,277.696,4.84670882
J3d11,J:3d:1,3d,J,28.5,23.05.17,12:15:00,1.658,35.26,M,,,602,94.9,87.226,1.522380674,20.83333333,Cstart,10.41578034,12.731,1.22228,1.957954,136.325,2.379319759
J30d12,J:30d:1,30d,J,28.5,23.05.17,12:50:00,2.387,36.08,M,,,603,61.517,343.843,6.001191593,10.41666667,Cstart,18.74919443,24.002,1.280161667,1.976769,24.075,0.420187957
JH1b,J:H:1,H,J,30.5,23.05.17,16:25:00,1.902,35.5,M,,,604,91.699,300.158,5.23874462,16.66666667,Cstart,14.58265317,23.718,1.626453,3.156802,227.714,3.974358479
J30d21,J:30d:2,30d,J,28.5,24.05.17,15:20:00,2.621,40,F,,,605,87.489,303.311,5.293774843,170.8333333,Other,,,,,,
J3d32,J:3d:3,3d,J,28.5,24.05.17,16:40:00,1.456,32.96,F,,,606,91.786,350.538,6.11804137,10.41666667,Cstart,12.49995871,12.612,1.008963333,1.939493,294.146,5.13381544
J7d22,J:7d:2,7d,J,28.5,24.05.17,16:50:00,1.68,34.4,M,,,607,72.062,325.008,5.672458876,12.5,Cstart,27.08318665,31.542,1.164634,1.977345,75.784,1.322680129
J30d32,J:30d:3,30d,J,28.5,24.05.17,17:00:00,1.676,33.9,F,,,608,88.333,11.023,0.192387616,12.5,Cstart,14.58292385,21.59,1.480498714,2.795574,299.338,5.224432922
JC3b,J:C:3,C,J,30.5,26.05.17,11:10:00,1.578,34.42,F,,,609,87.103,11.16,0.194778716,418.75,Cstart,16.66701488,16.653,0.999159125,1.939493,89.322,1.558962769
JH1c,J:H:1,H,J,30.5,26.05.17,11:35:00,1.921,36.5,F,,,610,90.567,311.009,5.42813027,14.58333333,Cstart,12.49861845,15.323,1.2259755,1.921377,257.13,4.487764458
JC13,J:C:1,C,J,28.5,26.05.17,11:45:00,2.063,37.86,M,,,611,99.98,196.39,3.427651623,139.5833333,Other,,,,,,
J30d22,J:30d:2,30d,J,28.5,26.05.17,11:50:00,2.075,36.3,M,,,612,18.667,14.036,0.244974378,6.25,Cstart,27.08211304,39.393,1.454576308,2.610856,207.242,3.617054726
J30d23,J:30d:2,30d,J,28.5,26.05.17,13:15:00,1.949,35.8,M,,,613,32.581,56.31,0.98279476,4.166666667,Cstart,22.91551353,32.541,1.420042364,3.156802,142.595,2.488751888
JC2a,J:C:2,C,J,30.5,26.05.17,13:20:00,1.656,35,M,,,614,101.634,57.894,1.010440771,16.66666667,Cstart,14.58181116,16.405,1.125031714,2.057038,123.465,2.15487045
JH3b,J:H:3,H,J,30.5,26.05.17,13:45:00,2.138,37,M,,,615,77.694,92.702,1.61795489,12.5,Cstart,10.41623852,18.5,1.776073,2.768965,129.56,2.261248252
J7d3b,J:7d:3,7d,J,30.5,26.05.17,14:40:00,2.599,38.96,F,,,616,110.95,85.4,1.490510966,14.58333333,Cstart,18.74860951,28.905,1.541714333,1.996537,159.977,2.792124974
JH1d,J:H:1,H,J,30.5,26.05.17,14:50:00,1.488,33.3,M,,,617,94.833,343.301,5.99173191,22.91666667,Cstart,12.49935717,17.986,1.438954,3.095796,285.092,4.975793353
J3d2c,J:3d:2,3d,J,30.5,26.05.17,15:20:00,2.596,40.88,F,,,618,115.218,291.836,5.09349834,10.41666667,Cstart,31.24890879,48.504,1.5521822,2.795574,109.298,1.90760969
JH12,J:H:1,H,J,28.5,26.05.17,16:30:00,2.315,38.14,F,,,619,67.724,304.624,5.316691013,10.41666667,Cstart,14.58162692,14.42,0.988915714,1.384482,358.21,6.251943011
J3d22,J:3d:2,3d,J,28.5,26.05.17,16:40:00,1.543,33.84,F,,,620,91.587,25.71,0.448724086,18.75,Cstart,12.49859192,15.885,1.270943167,2.057038,29.055,0.507105341
J7d12,J:7d:1,7d,J,28.5,26.05.17,16:50:00,1.52,33.74,M,,,621,90.359,276.429,4.824595501,16.66666667,Cstart,12.50044549,13.796,1.103640667,1.939493,210.754,3.678350681
J30d13,J:30d:1,30d,J,28.5,26.05.17,17:45:00,2.734,38.9,F,,,622,70.87,2.386,0.04164355,10.41666667,Cstart,24.99890743,31.032,1.24133425,1.976769,232.815,4.063387711
J7d13,J:7d:1,7d,J,28.5,27.05.17,10:30:00,1.183,32.04,F,,,623,72.929,352.185,6.146786939,16.66666667,Cstart,16.66801115,20.404,1.22414125,1.867976,101.204,1.766342761
JH34,J:H:3,H,J,28.5,27.05.17,10:40:00,1.474,33,M,,,624,95.771,347.213,6.060009181,14.58333333,Cstart,10.41702246,17.323,1.6629512,2.981424,286.858,5.006615863
J30d3b,J:30d:3,30d,J,30.5,27.05.17,12:55:00,2.524,38.7,M,,,625,84.501,316.332,5.521034132,33.33333333,Cstart,20.83439367,23.374,1.1218949,1.885618,279.491,4.878037475
JH3c,J:H:3,H,J,30.5,27.05.17,13:25:00,2.109,37.26,M,,,626,91.755,330.255,5.764036289,22.91666667,Cstart,20.83120745,27.151,1.303381,1.957954,309.644,5.404306529
J3d3c,J:3d:3,3d,J,30.5,27.05.17,13:30:00,2.88,40.74,F,,,627,74.297,64.063,1.118110117,383.3333333,Other,,,,,,
JC22,J:C:2,C,J,28.5,27.05.17,14:00:00,2.051,38.84,F,,,628,83.136,305.538,5.33264332,20.83333333,Cstart,10.41593888,9.571,0.9188802,1.903063,276.746,4.830128194
J7d23,J:7d:2,7d,J,28.5,27.05.17,14:10:00,1.686,33.7,F,,,629,41.643,78.805,1.375406518,8.333333333,Cstart,18.7525848,24.304,1.296034667,1.86849,139.316,2.43152255
JH14,J:H:1,H,J,28.5,27.05.17,14:45:00,2.177,37.12,F,,,630,58.531,313.025,5.463316102,337.5,Other,,,,,,
J3d3d,J:3d:3,3d,J,30.5,27.05.17,15:55:00,1.829,36.06,M,,,631,117.426,107.526,1.876682461,100,Other,,,,,,
J30d3c,J:30d:3,30d,J,30.5,27.05.17,16:20:00,1.827,35.9,F,,,632,71.207,358.919,6.264317394,12.5,Cstart,18.74976933,28.11,1.499218444,3.126457,86.269,1.505677875
J30d3d,J:30d:3,30d,J,30.5,27.05.17,16:25:00,1.683,34.9,F,,,633,107.676,291.161,5.08171737,31.25,Cstart,10.41646546,8.736,0.8386722,1.397787,256.675,4.479823211
JH3d,J:H:3,H,J,30.5,27.05.17,16:35:00,1.971,36.58,M,,,634,49.6,21.801,0.380499175,4.166666667,Cstart,22.91622675,33.426,1.458617091,3.125546,161.565,2.819840799
J7d24,J:7d:2,7d,J,28.5,27.05.17,16:50:00,1.661,34,F,,,635,66.431,312.397,5.452355436,12.5,Cstart,29.16613013,36.692,1.258034571,3.095796,94.038,1.641272485
J3d23,J:3d:2,3d,J,28.5,27.05.17,17:15:00,2.436,38.72,M,,,636,89.704,60.422,1.054562688,89.58333333,Other,,,,,,
JC23,J:C:2,C,J,28.5,27.05.17,17:20:00,1.978,36.52,F,,,637,78.781,315.424,5.505186545,512.5,Other,,,,,,
JH22,J:H:2,H,J,28.5,27.05.17,17:40:00,1.812,33.34,F,,,638,85.204,292.166,5.099257926,16.66666667,Cstart,29.16491286,40.153,1.376757071,2.822699,22.829,0.398441157
JH2b,J:H:2,H,J,30.5,28.05.17,11:30:00,1.892,35.24,F,,,639,90.857,325.656,5.683768608,185.4166667,Other,,,,,,
J3d13,J:3d:1,3d,J,28.5,28.05.17,12:30:00,2.067,36,M,,,640,81.649,30.466,0.531731933,10.41666667,Cstart,16.66475814,17.136,1.02827775,1.371037,62.292,1.087200341
J3d34,J:3d:3,3d,J,28.5,28.05.17,12:55:00,2.239,38.78,F,,,641,85.107,324.782,5.668514433,266.6666667,Other,,,,,,
JC1b,J:C:1,C,J,30.5,28.05.17,13:00:00,2.159,36.86,F,,,642,59.88,316.848,5.53004003,6.25,Cstart,22.91493103,29.541,1.289159455,1.957954,231.953,4.048342975
JC2b,J:C:2,C,J,30.5,28.05.17,13:10:00,2.412,38.92,F,,,643,57.787,356.055,6.214331171,8.333333333,Cstart,20.83297579,26.22,1.2585816,2.016105,277.765,4.847913097
J30d1c,J:30d:1,30d,J,30.5,28.05.17,14:00:00,2.339,39,F,,,644,124.987,294.717,5.143781269,18.75,Cstart,20.83300919,29.19,1.4011418,2.851203,199.242,3.477428406
JC3c,J:C:3,C,J,30.5,28.05.17,14:10:00,2.861,40.4,M,,,645,101.345,93.277,1.627990531,14.58333333,Cstart,29.16598559,47.73,1.636495357,2.851203,196.858,3.435819763
JH2c,J:H:2,H,J,30.5,28.05.17,14:20:00,2.625,39.74,F,,,646,81.717,61.832,1.079171827,14.58333333,Cstart,22.9158267,32.738,1.428619636,1.976769,187.907,3.279595364
J3d24,J:3d:2,3d,J,28.5,28.05.17,14:40:00,2.224,37.72,F,,,647,103.851,52.815,0.921795511,18.75,Cstart,20.83120745,27.151,1.303381,1.957954,330.945,5.776079059
JC1c,J:C:1,C,J,30.5,28.05.17,17:20:00,2.49,39.48,M,,,648,67.746,300.847,5.250769937,12.5,Cstart,18.75009225,21.597,1.151834333,1.977345,236.31,4.12438696
J7d2c,J:7d:2,7d,J,30.5,28.05.17,17:50:00,1.939,36,F,,,649,100.906,359.236,6.269850086,25,Cstart,14.5836338,18.404,1.261962571,2.143424,304.216,5.309570071
J7d2d,J:7d:2,7d,J,30.5,28.05.17,17:55:00,2.623,39.22,F,,,650,41.242,350.538,6.11804137,6.25,Cstart,25.00042232,25.899,1.0359425,3.066608,245.659,4.287557768
J30d1d,J:30d:1,30d,J,30.5,28.05.17,18:05:00,1.831,35.1,F,,,651,105.623,345.932,6.037651516,16.66666667,Cstart,10.41648578,12.237,1.1747724,1.957954,43.866,0.765606019
G30d1x,G:30d:1,30d,G,,04.04.17,,1.748,37.36,M,28.5,37.1,,,,,,,,,,,,
G30d1y,G:30d:1,30d,G,,04.04.17,,1.743,34.6,M,28.5,37.1,,,,,,,,,,,,
G30d2x,G:30d:2,30d,G,,04.04.17,,1.49,35,F,28.5,37.1,,,,,,,,,,,,
G30d2y,G:30d:2,30d,G,,04.04.17,,1.797,35.5,F,28.5,37.1,,,,,,,,,,,,
G30d3x,G:30d:3,30d,G,,04.04.17,,1.535,34.58,M,28.5,37.1,,,,,,,,,,,,
G30d3y,G:30d:3,30d,G,,04.04.17,,1.556,34.3,M,28.5,37.1,,,,,,,,,,,,
G3d1x,G:3d:1,3d,G,,04.04.17,,1.808,37.52,M,28.5,37.1,,,,,,,,,,,,
G3d1y,G:3d:1,3d,G,,04.04.17,,2.498,41,F,28.5,37.2,,,,,,,,,,,,
G3d2x,G:3d:2,3d,G,,04.04.17,,2.045,37.3,M,28.5,37.1,,,,,,,,,,,,
G3d2y,G:3d:2,3d,G,,04.04.17,,1.901,36,F,28.5,37.4,,,,,,,,,,,,
G3d3x,G:3d:3,3d,G,,04.04.17,,1.717,36.58,F,28.5,37.2,,,,,,,,,,,,
G3d3y,G:3d:3,3d,G,,04.04.17,,1.615,35.32,M,28.5,37.1,,,,,,,,,,,,
G7d1x,G:7d:1,7d,G,,03.04.17,,2.267,38.68,M,28.5,37.2,,,,,,,,,,,,
G7d1y,G:7d:1,7d,G,,03.04.17,,1.62,33.62,F,28.5,37.3,,,,,,,,,,,,
G7d2x,G:7d:2,7d,G,,03.04.17,,2.21,38.52,F,28.5,36.5,,,,,,,,,,,,
G7d2y,G:7d:2,7d,G,,03.04.17,,1.966,37.62,M,28.5,36.5,,,,,,,,,,,,
G7d3x,G:7d:3,7d,G,,03.04.17,,1.856,36.68,F,28.5,36.6,,,,,,,,,,,,
G7d3y,G:7d:3,7d,G,,03.04.17,,2.031,36.48,F,28.5,36.7,,,,,,,,,,,,
GC1x,G:C:1,C,G,,03.04.17,,1.927,36.14,M,28.5,37.3,,,,,,,,,,,,
GC1y,G:C:1,C,G,,03.04.17,,1.699,36.74,F,28.5,37.3,,,,,,,,,,,,
GC2x,G:C:2,C,G,,03.04.17,,2.3,38.5,M,28.5,37.3,,,,,,,,,,,,
GC2y,G:C:2,C,G,,03.04.17,,2.022,38.9,M,28.5,37.3,,,,,,,,,,,,
GC3x,G:C:3,C,G,,03.04.17,,1.987,37.2,M,28.5,37.3,,,,,,,,,,,,
GC3y,G:C:3,C,G,,03.04.17,,2.539,39.4,M,28.5,37.3,,,,,,,,,,,,
H30d1x,H:30d:1,30d,H,,10.04.17,,1.542,33.72,M,28.5,37.1,,,,,,,,,,,,
H30d1y,H:30d:1,30d,H,,10.04.17,,1.949,36.1,F,28.5,37.1,,,,,,,,,,,,
H30d2x,H:30d:2,30d,H,,11.04.17,,1.273,32.38,M,28.5,37.2,,,,,,,,,,,,
H30d2y,H:30d:2,30d,H,,11.04.17,,2.186,36.9,F,28.5,37.3,,,,,,,,,,,,
H30d3x,H:30d:3,30d,H,,14.04.17,,1.957,35.68,F,28.5,37,,,,,,,,,,,,
H30d3y,H:30d:3,30d,H,,14.04.17,,1.794,35.82,F,28.5,37.5,,,,,,,,,,,,
H3d1x,H:3d:1,3d,H,,14.04.17,,1.825,35.72,F,28.5,37.2,,,,,,,,,,,,
H3d1y,H:3d:1,3d,H,,14.04.17,,1.402,35,M,28.5,37.5,,,,,,,,,,,,
H3d2x,H:3d:2,3d,H,,11.04.17,,1.709,33.7,M,28.5,37.2,,,,,,,,,,,,
H3d2y,H:3d:2,3d,H,,11.04.17,,1.721,34.26,M,28.5,37,,,,,,,,,,,,
H3d3x,H:3d:3,3d,H,,10.04.17,,1.46,35,M,28.5,37.1,,,,,,,,,,,,
H3d3y,H:3d:3,3d,H,,10.04.17,,1.504,35,F,28.5,37.1,,,,,,,,,,,,
H7d1x,H:7d:1,7d,H,,11.04.17,,1.606,33.5,M,28.5,37,,,,,,,,,,,,
H7d1y,H:7d:1,7d,H,,11.04.17,,1.921,37.1,M,28.5,37.5,,,,,,,,,,,,
H7d2x,H:7d:2,7d,H,,10.04.17,,1.963,37.1,M,28.5,37.1,,,,,,,,,,,,
H7d2y,H:7d:2,7d,H,,10.04.17,,1.446,34.1,M,28.5,37.1,,,,,,,,,,,,
H7d3x,H:7d:3,7d,H,,10.04.17,,1.709,34.2,M,28.5,37.1,,,,,,,,,,,,
H7d3y,H:7d:3,7d,H,,10.04.17,,1.464,33.4,M,28.5,37.1,,,,,,,,,,,,
HC1x,H:C:1,C,H,,10.04.17,,1.952,35,F,28.5,37.1,,,,,,,,,,,,
HC1y,H:C:1,C,H,,10.04.17,,1.939,35.1,M,28.5,37.1,,,,,,,,,,,,
HC2x,H:C:2,C,H,,11.04.17,,1.402,32.68,M,28.5,37,,,,,,,,,,,,
HC2y,H:C:2,C,H,,11.04.17,,2.074,36.52,M,28.5,37,,,,,,,,,,,,
HC3x,H:C:3,C,H,,14.04.17,,1.314,33,M,28.5,37,,,,,,,,,,,,
HC3y,H:C:3,C,H,,14.04.17,,2.452,38.82,F,28.5,37.5,,,,,,,,,,,,
I30d1x,I:30d:1,30d,I,,26.04.17,,1.986,39,M,28.5,37,,,,,,,,,,,,
I30d1y,I:30d:1,30d,I,,26.04.17,,2.023,37.86,F,28.5,37,,,,,,,,,,,,
I30d2x,I:30d:2,30d,I,,27.04.17,,2.252,38,M,28.5,37,,,,,,,,,,,,
I30d2y,I:30d:2,30d,I,,27.04.17,,2.795,40,M,28.5,37,,,,,,,,,,,,
I30d3x,I:30d:3,30d,I,,25.04.17,,1.733,34,M,28.5,37,,,,,,,,,,,,
I30d3y,I:30d:3,30d,I,,25.04.17,,2.096,35.6,M,28.5,37,,,,,,,,,,,,
I3d1x,I:3d:1,3d,I,,25.04.17,,2.692,40.14,M,28.5,37,,,,,,,,,,,,
I3d1y,I:3d:1,3d,I,,25.04.17,,2.105,37,F,28.5,37,,,,,,,,,,,,
I3d2x,I:3d:2,3d,I,,26.04.17,,2.04,37,F,28.5,37,,,,,,,,,,,,
I3d2y,I:3d:2,3d,I,,26.04.17,,2.652,38.88,F,28.5,37,,,,,,,,,,,,
I3d3x,I:3d:3,3d,I,,26.04.17,,2.223,39,M,28.5,37,,,,,,,,,,,,
I3d3y,I:3d:3,3d,I,,26.04.17,,2.391,38.5,M,28.5,37,,,,,,,,,,,,
I7d1x,I:7d:1,7d,I,,25.04.17,,2.187,36.68,M,28.5,37,,,,,,,,,,,,
I7d1y,I:7d:1,7d,I,,25.04.17,,2.23,37.5,F,28.5,37,,,,,,,,,,,,
I7d2x,I:7d:2,7d,I,,26.04.17,,1.549,35.48,F,28.5,37,,,,,,,,,,,,
I7d2y,I:7d:2,7d,I,,26.04.17,,1.741,35.3,M,28.5,37,,,,,,,,,,,,
I7d3x,I:7d:3,7d,I,,27.04.17,,1.362,32.14,M,28.5,37,,,,,,,,,,,,
I7d3y,I:7d:3,7d,I,,27.04.17,,1.674,35,M,28.5,37,,,,,,,,,,,,
IC1x,I:C:1,C,I,,26.04.17,,1.389,32.96,F,28.5,37,,,,,,,,,,,,
IC1y,I:C:1,C,I,,26.04.17,,1.81,35.1,M,28.5,37,,,,,,,,,,,,
IC2x,I:C:2,C,I,,25.04.17,,1.951,36,F,28.5,37,,,,,,,,,,,,
IC2y,I:C:2,C,I,,25.04.17,,1.687,38.54,M,28.5,37,,,,,,,,,,,,
IC3x,I:C:3,C,I,,26.04.17,,2.021,36.4,F,28.5,37,,,,,,,,,,,,
IC3y,I:C:3,C,I,,26.04.17,,2.47,39.42,F,28.5,37,,,,,,,,,,,,
J30d1x,J:30d:1,30d,J,,26.05.17,,2.117,38.52,F,28.5,37,,,,,,,,,,,,
J30d1y,J:30d:1,30d,J,,26.05.17,,2.012,36,M,28.5,37,,,,,,,,,,,,
J30d2x,J:30d:2,30d,J,,26.05.17,,1.842,37.26,M,28.5,37,,,,,,,,,,,,
J30d2y,J:30d:2,30d,J,,26.05.17,,1.915,36.32,M,28.5,37,,,,,,,,,,,,
J30d3x,J:30d:3,30d,J,,27.05.17,,2.689,40,F,28.5,37,,,,,,,,,,,,
J30d3y,J:30d:3,30d,J,,27.05.17,,1.664,33.98,M,28.5,37,,,,,,,,,,,,
J3d1x,J:3d:1,3d,J,,26.05.17,,2.314,38.56,F,28.5,36.5,,,,,,,,,,,,
J3d1y,J:3d:1,3d,J,,26.05.17,,1.728,35.14,M,28.5,37,,,,,,,,,,,,
J3d2x,J:3d:2,3d,J,,27.05.17,,2.162,39.18,M,28.5,37,,,,,,,,,,,,
J3d2y,J:3d:2,3d,J,,27.05.17,,2.346,39.12,M,28.5,37,,,,,,,,,,,,
J3d3x,J:3d:3,3d,J,,28.05.17,,1.473,34,F,28.5,37,,,,,,,,,,,,
J3d3y,J:3d:3,3d,J,,28.05.17,,1.311,33.54,M,28.5,37,,,,,,,,,,,,
J7d1x,J:7d:1,7d,J,,26.05.17,,1.713,34,F,28.5,36.5,,,,,,,,,,,,
J7d1y,J:7d:1,7d,J,,26.05.17,,2.504,39.52,F,28.5,37,,,,,,,,,,,,
J7d2x,J:7d:2,7d,J,,27.05.17,,1.521,33.5,M,28.5,37,,,,,,,,,,,,
J7d2y,J:7d:2,7d,J,,27.05.17,,2.287,37.26,M,28.5,37,,,,,,,,,,,,
J7d3x,J:7d:3,7d,J,,27.05.17,,2.53,37.84,M,28.5,37,,,,,,,,,,,,
J7d3y,J:7d:3,7d,J,,27.05.17,,2.066,37.26,M,28.5,37,,,,,,,,,,,,
JC1x,J:C:1,C,J,,26.05.17,,2.012,36.58,F,28.5,37,,,,,,,,,,,,
JC1y,J:C:1,C,J,,26.05.17,,1.864,35.54,M,28.5,37,,,,,,,,,,,,
JC2x,J:C:2,C,J,,27.05.17,,1.904,36.58,F,28.5,37,,,,,,,,,,,,
JC2y,J:C:2,C,J,,27.05.17,,2.117,37.52,M,28.5,37,,,,,,,,,,,,
JC3x,J:C:3,C,J,,28.05.17,,2.464,40,F,28.5,37,,,,,,,,,,,,
JC3y,J:C:3,C,J,,28.05.17,,2.321,38,F,28.5,37,,,,,,,,,,,,
GH1x,G:H:1,H,G,,05.04.17,,1.792,35,F,30.5,37.1,,,,,,,,,,,,
GH1y,G:H:1,H,G,,05.04.17,,1.654,34,M,30.5,37.1,,,,,,,,,,,,
GH2x,G:H:2,H,G,,05.04.17,,2.404,38,F,30.5,37.5,,,,,,,,,,,,
GH2y,G:H:2,H,G,,05.04.17,,1.491,34,F,30.5,37,,,,,,,,,,,,
GH3x,G:H:3,H,G,,05.04.17,,2.018,36.3,M,30.5,37.5,,,,,,,,,,,,
GH3y,G:H:3,H,G,,05.04.17,,1.071,29,M,30.5,37,,,,,,,,,,,,
HH1x,H:H:1,H,H,,11.04.17,,1.307,31.7,M,30.5,37,,,,,,,,,,,,
HH1y,H:H:1,H,H,,11.04.17,,1.152,30.2,F,30.5,37.2,,,,,,,,,,,,
HH2x,H:H:2,H,H,,10.04.17,,0.994,28.36,F,30.5,37.1,,,,,,,,,,,,
HH2y,H:H:2,H,H,,10.04.17,,0.842,26.04,F,30.5,37.1,,,,,,,,,,,,
HH3x,H:H:3,H,H,,11.04.17,,1.07,30.2,M,30.5,37,,,,,,,,,,,,
HH3y,H:H:3,H,H,,11.04.17,,1.392,33.14,M,30.5,37.5,,,,,,,,,,,,
IH1x,I:H:1,H,I,,27.04.17,,2.175,37.28,M,30.5,37,,,,,,,,,,,,
IH1y,I:H:1,H,I,,27.04.17,,1.783,34.5,M,30.5,37,,,,,,,,,,,,
IH2x,I:H:2,H,I,,25.04.17,,1.595,33.3,M,30.5,37,,,,,,,,,,,,
IH2y,I:H:2,H,I,,25.04.17,,1.401,32,M,30.5,37,,,,,,,,,,,,
IH3x,I:H:3,H,I,,25.04.17,,1.783,34.84,F,30.5,37,,,,,,,,,,,,
IH3y,I:H:3,H,I,,25.04.17,,1.441,32.96,M,30.5,37,,,,,,,,,,,,
JH1x,J:H:1,H,J,,26.05.17,,1.691,34.8,F,30.5,37,,,,,,,,,,,,
JH1y,J:H:1,H,J,,26.05.17,,1.861,35.4,F,30.5,37,,,,,,,,,,,,
JH2x,J:H:2,H,J,,28.05.17,,2.043,38,F,30.5,37,,,,,,,,,,,,
JH2y,J:H:2,H,J,,28.05.17,,1.447,34.78,F,30.5,37,,,,,,,,,,,,
JH3x,J:H:3,H,J,,27.05.17,,2.022,36.28,F,30.5,37,,,,,,,,,,,,
JH3y,J:H:3,H,J,,27.05.17,,1.74,34.52,M,30.5,37,,,,,,,,,,,,
G30d12,G:30d:1,30d,G,,04.04.17,,1.521,35,M,,,,,,,,,,,,,,
G30d13,G:30d:1,30d,G,,05.04.17,,1.538,33.78,M,,,,,,,,,,,,,,
G30d1a,G:30d:1,30d,G,,01.04.17,,1.244,33,F,,,,,,,,,,,,,,
G30d1d,G:30d:1,30d,G,,06.04.17,,2.019,37.3,M,,,,,,,,,,,,,,
G30d24,G:30d:2,30d,G,,06.04.17,,1.595,34,F,,,,,,,,,,,,,,
G30d2c,G:30d:2,30d,G,,04.04.17,,2.308,37.06,F,,,,,,,,,,,,,,
G30d2d,G:30d:2,30d,G,,05.04.17,,1.883,35.2,F,,,,,,,,,,,,,,
G30d31,G:30d:3,30d,G,,31.03.17,,2.258,38.84,F,,,,,,,,,,,,,,
G30d32,G:30d:3,30d,G,,03.04.17,,1.608,33.4,M,,,,,,,,,,,,,,
G30d3a,G:30d:3,30d,G,,30.03.17,,1.661,36,F,,,,,,,,,,,,,,
G30d3b,G:30d:3,30d,G,,02.04.17,,1.651,35,M,,,,,,,,,,,,,,
G30d3c,G:30d:3,30d,G,,04.04.17,,1.99,36.66,F,,,,,,,,,,,,,,
G3d13,G:3d:1,3d,G,,03.04.17,,1.324,34.26,F,,,,,,,,,,,,,,
G3d1a,G:3d:1,3d,G,,31.03.17,,1.781,35.58,M,,,,,,,,,,,,,,
G3d1c,G:3d:1,3d,G,,06.04.17,,1.668,35.5,M,,,,,,,,,,,,,,
G3d1d,G:3d:1,3d,G,,06.04.17,,2.095,38,M,,,,,,,,,,,,,,
G3d22,G:3d:2,3d,G,,05.04.17,,1.443,33.14,F,,,,,,,,,,,,,,
G3d24,G:3d:2,3d,G,,06.04.17,,2.056,37.72,M,,,,,,,,,,,,,,
G3d2a,G:3d:2,3d,G,,31.03.17,,2.342,38.26,F,,,,,,,,,,,,,,
G3d2b,G:3d:2,3d,G,,02.04.17,,1.348,32,F,,,,,,,,,,,,,,
G3d2c,G:3d:2,3d,G,,03.04.17,,2.515,39.1,M,,,,,,,,,,,,,,
G3d32,G:3d:3,3d,G,,06.04.17,,1.609,32.86,F,,,,,,,,,,,,,,
G3d34,G:3d:3,3d,G,,06.04.17,,2.503,38.84,F,,,,,,,,,,,,,,
G3d3a,G:3d:3,3d,G,,01.04.17,,2.294,38.2,M,,,,,,,,,,,,,,
G7d12,G:7d:1,7d,G,,03.04.17,,1.506,38.52,M,,,,,,,,,,,,,,
G7d22,G:7d:2,7d,G,,01.04.17,,1.231,31.18,M,,,,,,,,,,,,,,
G7d2b,G:7d:2,7d,G,,02.04.17,,1.722,34.74,M,,,,,,,,,,,,,,
G7d31,G:7d:3,7d,G,,30.03.17,,1.813,36.46,F,,,,,,,,,,,,,,
G7d34,G:7d:3,7d,G,,06.04.17,,2.146,36.88,M,,,,,,,,,,,,,,
G7d3b,G:7d:3,7d,G,,01.04.17,,1.705,36.88,F,,,,,,,,,,,,,,
G7d3c,G:7d:3,7d,G,,06.04.17,,1.749,36.7,M,,,,,,,,,,,,,,
G7d3d,G:7d:3,7d,G,,06.04.17,,2.104,37.3,F,,,,,,,,,,,,,,
GC11,G:C:1,C,G,,02.04.17,,1.626,34.3,F,,,,,,,,,,,,,,
GC13,G:C:1,C,G,,06.04.17,,2.218,38,F,,,,,,,,,,,,,,
GC1d,G:C:1,C,G,,06.04.17,,2.677,40.4,M,,,,,,,,,,,,,,
GC21,G:C:2,C,G,,30.03.17,,2.119,38.8,M,,,,,,,,,,,,,,
GC24,G:C:2,C,G,,05.04.17,,3.046,43,F,,,,,,,,,,,,,,
GC2d,G:C:2,C,G,,06.04.17,,2.435,39,F,,,,,,,,,,,,,,
GC31,G:C:3,C,G,,31.03.17,,1.729,36.18,F,,,,,,,,,,,,,,
GC3a,G:C:3,C,G,,01.04.17,,2.69,39.6,F,,,,,,,,,,,,,,
GH11,G:H:1,H,G,,31.03.17,,1.564,33,M,,,,,,,,,,,,,,
GH12,G:H:1,H,G,,02.04.17,,1.451,33.64,F,,,,,,,,,,,,,,
GH13,G:H:1,H,G,,02.04.17,,1.301,29.56,F,,,,,,,,,,,,,,
GH1a,G:H:1,H,G,,31.03.17,,1.156,32.74,F,,,,,,,,,,,,,,
GH1d,G:H:1,H,G,,06.04.17,,1.168,31,M,,,,,,,,,,,,,,
GH2d,G:H:2,H,G,,06.04.17,,1.521,33.6,F,,,,,,,,,,,,,,
GH32,G:H:3,H,G,,04.04.17,,1.663,34.2,F,,,,,,,,,,,,,,
GH33,G:H:3,H,G,,06.04.17,,1.705,35.6,M,,,,,,,,,,,,,,
GH35,G:H:3,H,G,,06.04.17,,1.25,30.8,M,,,,,,,,,,,,,,
GH3b,G:H:3,H,G,,04.04.17,,2.387,36.62,M,,,,,,,,,,,,,,
H30d11,H:30d:1,30d,H,,10.04.17,,1.821,36.18,F,,,,,,,,,,,,,,
H30d13,H:30d:1,30d,H,,14.04.17,,1.979,37,M,,,,,,,,,,,,,,
H30d1a,H:30d:1,30d,H,,10.04.17,,1.664,35.1,F,,,,,,,,,,,,,,
H30d1b,H:30d:1,30d,H,,11.04.17,,1.955,37.3,F,,,,,,,,,,,,,,
H30d1c,H:30d:1,30d,H,,12.04.17,,1.558,33.3,M,,,,,,,,,,,,,,
H30d1d,H:30d:1,30d,H,,14.04.17,,1.964,37,M,,,,,,,,,,,,,,
H30d22,H:30d:2,30d,H,,11.04.17,,2.515,39.64,M,,,,,,,,,,,,,,
H30d2a,H:30d:2,30d,H,,10.04.17,,1.768,35.3,M,,,,,,,,,,,,,,
H30d2b,H:30d:2,30d,H,,10.04.17,,2.542,39.62,M,,,,,,,,,,,,,,
H30d2c,H:30d:2,30d,H,,11.04.17,,1.49,34.3,M,,,,,,,,,,,,,,
H30d2d,H:30d:2,30d,H,,11.04.17,,1.442,32.66,M,,,,,,,,,,,,,,
H30d31,H:30d:3,30d,H,,09.04.17,,1.313,31.3,M,,,,,,,,,,,,,,
H30d3d,H:30d:3,30d,H,,15.04.17,,2.032,37,M,,,,,,,,,,,,,,
H3d12,H:3d:1,3d,H,,10.04.17,,1.569,34.16,F,,,,,,,,,,,,,,
H3d1a,H:3d:1,3d,H,,14.04.17,,1.664,34.12,M,,,,,,,,,,,,,,
H3d1c,H:3d:1,3d,H,,15.04.17,,2.535,39.6,M,,,,,,,,,,,,,,
H3d22,H:3d:2,3d,H,,11.04.17,,2.659,40,M,,,,,,,,,,,,,,
H3d23,H:3d:2,3d,H,,15.04.17,,1.761,35,F,,,,,,,,,,,,,,
H3d2b,H:3d:2,3d,H,,15.04.17,,1.484,35.58,M,,,,,,,,,,,,,,
H3d31,H:3d:3,3d,H,,09.04.17,,2.002,35.32,M,,,,,,,,,,,,,,
H3d32,H:3d:3,3d,H,,14.04.17,,2.155,37.4,M,,,,,,,,,,,,,,
H3d33,H:3d:3,3d,H,,14.04.17,,1.553,31.78,M,,,,,,,,,,,,,,
H3d34,H:3d:3,3d,H,,14.04.17,,1.549,33,M,,,,,,,,,,,,,,
H3d3c,H:3d:3,3d,H,,14.04.17,,1.748,35.52,F,,,,,,,,,,,,,,
H7d13,H:7d:1,7d,H,,12.04.17,,1.83,35.4,M,,,,,,,,,,,,,,
H7d14,H:7d:1,7d,H,,14.04.17,,2.081,36.2,F,,,,,,,,,,,,,,
H7d1a,H:7d:1,7d,H,,09.04.17,,1.443,34.1,M,,,,,,,,,,,,,,
H7d1b,H:7d:1,7d,H,,10.04.17,,1.687,34.74,F,,,,,,,,,,,,,,
H7d1c,H:7d:1,7d,H,,10.04.17,,1.496,35,F,,,,,,,,,,,,,,
H7d1d,H:7d:1,7d,H,,15.04.17,,1.69,35.5,F,,,,,,,,,,,,,,
H7d21,H:7d:2,7d,H,,09.04.17,,1.89,36.18,M,,,,,,,,,,,,,,
H7d23,H:7d:2,7d,H,,14.04.17,,1.851,35.28,F,,,,,,,,,,,,,,
H7d2c,H:7d:2,7d,H,,11.04.17,,2.028,37.1,M,,,,,,,,,,,,,,
H7d32,H:7d:3,7d,H,,10.04.17,,1.495,34.14,F,,,,,,,,,,,,,,
H7d33,H:7d:3,7d,H,,13.04.17,,1.618,34.12,M,,,,,,,,,,,,,,
H7d3d,H:7d:3,7d,H,,15.04.17,,1.848,36.68,M,,,,,,,,,,,,,,
HC11,H:C:1,C,H,,10.04.17,,1.853,36,M,,,,,,,,,,,,,,
HC13,H:C:1,C,H,,14.04.17,,2.321,38.28,F,,,,,,,,,,,,,,
HC1a,H:C:1,C,H,,10.04.17,,1.846,34.68,M,,,,,,,,,,,,,,
HC21,H:C:2,C,H,,09.04.17,,1.208,32.58,M,,,,,,,,,,,,,,
HC23,H:C:2,C,H,,13.04.17,,1.531,34,M,,,,,,,,,,,,,,
HC2a,H:C:2,C,H,,09.04.17,,1.492,33.56,M,,,,,,,,,,,,,,
HC2b,H:C:2,C,H,,11.04.17,,1.825,35.7,F,,,,,,,,,,,,,,
HC2d,H:C:2,C,H,,14.04.17,,1.463,31.8,M,,,,,,,,,,,,,,
HC32,H:C:3,C,H,,11.04.17,,1.841,36.82,M,,,,,,,,,,,,,,
HC34,H:C:3,C,H,,14.04.17,,1.617,35.16,M,,,,,,,,,,,,,,
HC3c,H:C:3,C,H,,15.04.17,,1.822,36.44,M,,,,,,,,,,,,,,
HH11,H:H:1,H,H,,09.04.17,,1.365,32,F,,,,,,,,,,,,,,
HH12,H:H:1,H,H,,11.04.17,,1.256,32.9,M,,,,,,,,,,,,,,
HH14,H:H:1,H,H,,13.04.17,,1.287,31.96,M,,,,,,,,,,,,,,
HH1a,H:H:1,H,H,,09.04.17,,1.255,30.5,M,,,,,,,,,,,,,,
HH1b,H:H:1,H,H,,14.04.17,,1.406,31.4,F,,,,,,,,,,,,,,
HH1c,H:H:1,H,H,,15.04.17,,1.377,32.3,M,,,,,,,,,,,,,,
HH21,H:H:2,H,H,,09.04.17,,1.211,31.38,M,,,,,,,,,,,,,,
HH22,H:H:2,H,H,,10.04.17,,1.317,31.88,M,,,,,,,,,,,,,,
HH24,H:H:2,H,H,,14.04.17,,1.18,30,M,,,,,,,,,,,,,,
HH2b,H:H:2,H,H,,11.04.17,,0.939,28.62,M,,,,,,,,,,,,,,
HH2c,H:H:2,H,H,,13.04.17,,1.374,32.2,F,,,,,,,,,,,,,,
HH31,H:H:3,H,H,,10.04.17,,1.501,33.5,M,,,,,,,,,,,,,,
HH32,H:H:3,H,H,,13.04.17,,1.138,31.22,M,,,,,,,,,,,,,,
HH33,H:H:3,H,H,,15.04.17,,0.944,28.1,F,,,,,,,,,,,,,,
HH34,H:H:3,H,H,,15.04.17,,1.646,33.06,M,,,,,,,,,,,,,,
HH3b,H:H:3,H,H,,11.04.17,,1.164,31.12,M,,,,,,,,,,,,,,
HH3d,H:H:3,H,H,,14.04.17,,1.55,33.64,F,,,,,,,,,,,,,,
I30d31,I:30d:3,30d,I,,22.04.17,,2.317,40.28,F,,,,,,,,,,,,,,
I3d14,I:3d:1,3d,I,,25.04.17,,0.992,30,F,,,,,,,,,,,,,,
I7d21,I:7d:2,7d,I,,22.04.17,,1.581,34,M,,,,,,,,,,,,,,
I7d31,I:7d:3,7d,I,,23.04.17,,1.805,35.7,M,,,,,,,,,,,,,,
IC14,I:C:1,C,I,,26.04.17,,1.908,,F,,,,,,,,,,,,,,
IC1b,I:C:1,C,I,,23.04.17,,2.172,37.7,F,,,,,,,,,,,,,,
IH11,I:H:1,H,I,,22.04.17,,1.484,33.88,M,,,,,,,,,,,,,,
IH14,I:H:1,H,I,,26.04.17,,1.575,34.32,M,,,,,,,,,,,,,,
IH32,I:H:3,H,I,,25.04.17,,1.696,34.76,M,,,,,,,,,,,,,,
IH3d,I:H:3,H,I,,27.04.17,,2.64,39.6,M,,,,,,,,,,,,,,
I30d1e,J:30d:1,30d,J,,28.05.17,,1.932,36.28,F,,,,,,,,,,,,,,
J30d1a,J:30d:1,30d,J,,22.05.17,,2.689,39.8,F,,,,,,,,,,,,,,
J30d1b,J:30d:1,30d,J,,26.05.17,,2.781,40,F,,,,,,,,,,,,,,
J30d24,J:30d:2,30d,J,,26.05.17,,2.735,39.82,M,,,,,,,,,,,,,,
J30d2b,J:30d:2,30d,J,,24.05.17,,2.159,37,F,,,,,,,,,,,,,,
J30d2c,J:30d:2,30d,J,,26.05.17,,2.979,41.46,F,,,,,,,,,,,,,,
J30d33,J:30d:3,30d,J,,26.05.17,,1.94,34.48,F,,,,,,,,,,,,,,
J30d34,J:30d:3,30d,J,,27.05.17,,1.485,33.56,M,,,,,,,,,,,,,,
J30d3a,J:30d:3,30d,J,,23.05.17,,0.97,29.84,F,,,,,,,,,,,,,,
J3d12,J:3d:1,3d,J,,27.05.17,,2.268,38.16,M,,,,,,,,,,,,,,
J3d14,J:3d:1,3d,J,,28.05.17,,1.919,36,M,,,,,,,,,,,,,,
J3d15,J:3d:1,3d,J,,28.05.17,,2.531,40,F,,,,,,,,,,,,,,
J3d1b,J:3d:1,3d,J,,26.05.17,,1.724,35.58,F,,,,,,,,,,,,,,
J3d1c,J:3d:1,3d,J,,28.05.17,,2.221,38.14,F,,,,,,,,,,,,,,
J3d1d,J:3d:1,3d,J,,28.05.17,,2.486,38.3,F,,,,,,,,,,,,,,
J3d2a,J:3d:2,3d,J,,22.05.17,,1.789,34.88,M,,,,,,,,,,,,,,
J3d2b,J:3d:2,3d,J,,23.05.17,,1.691,34.6,F,,,,,,,,,,,,,,
J3d2d,J:3d:2,3d,J,,26.05.17,,2.947,40.84,F,,,,,,,,,,,,,,
J3d31,J:3d:3,3d,J,,22.05.17,,1.707,34.12,M,,,,,,,,,,,,,,
J3d33,J:3d:3,3d,J,,27.05.17,,2.419,39.3,F,,,,,,,,,,,,,,
J3d3a,J:3d:3,3d,J,,23.05.17,,2.006,35.3,M,,,,,,,,,,,,,,
J3d3b,J:3d:3,3d,J,,27.05.17,,2.122,37,M,,,,,,,,,,,,,,
J7d14,J:7d:1,7d,J,,27.05.17,,1.887,36.48,M,,,,,,,,,,,,,,
J7d1b,J:7d:1,7d,J,,26.05.17,,2.245,37.66,F,,,,,,,,,,,,,,
J7d1c,J:7d:1,7d,J,,28.05.17,,1.92,35.96,F,,,,,,,,,,,,,,
J7d1d,J:7d:1,7d,J,,28.05.17,,1.335,31,M,,,,,,,,,,,,,,
J7d21,J:7d:2,7d,J,,23.05.17,,2.224,36.74,M,,,,,,,,,,,,,,
J7d2a,J:7d:2,7d,J,,22.05.17,,1.34,31.78,F,,,,,,,,,,,,,,
J7d2b,J:7d:2,7d,J,,26.05.17,,2.247,37.36,M,,,,,,,,,,,,,,
J7d31,J:7d:3,7d,J,,22.05.17,,2.132,37.03,F,,,,,,,,,,,,,,
J7d32,J:7d:3,7d,J,,27.05.17,,2.218,38.38,F,,,,,,,,,,,,,,
J7d33,J:7d:3,7d,J,,28.05.17,,2.303,39.52,M,,,,,,,,,,,,,,
J7d34,J:7d:3,7d,J,,28.05.17,,2.301,36.7,F,,,,,,,,,,,,,,
J7d3a,J:7d:3,7d,J,,23.05.17,,2.248,37.56,F,,,,,,,,,,,,,,
J7d3c,J:7d:3,7d,J,,27.05.17,,2.163,38.72,M,,,,,,,,,,,,,,
J7d3d,J:7d:3,7d,J,,27.05.17,,2.101,37.16,F,,,,,,,,,,,,,,
JC12,J:C:1,C,J,,24.05.17,,1.712,33.82,F,,,,,,,,,,,,,,
JC1a,J:C:1,C,J,,22.05.17,,2.083,36.68,F,,,,,,,,,,,,,,
JC1d,J:C:1,C,J,,28.05.17,,2.891,41.22,M,,,,,,,,,,,,,,
JC24,J:C:2,C,J,,28.05.17,,1.929,36,M,,,,,,,,,,,,,,
JC2c,J:C:2,C,J,,28.05.17,,2.268,38.14,F,,,,,,,,,,,,,,
JC2d,J:C:2,C,J,,28.05.17,,1.927,36.88,M,,,,,,,,,,,,,,
JC32,J:C:3,C,J,,26.05.17,,1.784,34.96,M,,,,,,,,,,,,,,
JC33,J:C:3,C,J,,28.05.17,,2.056,37.52,M,,,,,,,,,,,,,,
JC34,J:C:3,C,J,,28.05.17,,1.982,35.9,F,,,,,,,,,,,,,,
JC3d,J:C:3,C,J,,28.05.17,,1.907,36,F,,,,,,,,,,,,,,
JH11,J:H:1,H,J,,22.05.17,,1.936,35.28,F,,,,,,,,,,,,,,
JH13,J:H:1,H,J,,27.05.17,,2.282,37,F,,,,,,,,,,,,,,
JH1a,J:H:1,H,J,,22.05.17,,1.449,31.74,F,,,,,,,,,,,,,,
JH23,J:H:2,H,J,,28.05.17,,2.096,36,M,,,,,,,,,,,,,,
JH24,J:H:2,H,J,,28.05.17,,2.381,38.34,F,,,,,,,,,,,,,,
JH2a,J:H:2,H,J,,26.05.17,,1.082,30,F,,,,,,,,,,,,,,
JH2d,J:H:2,H,J,,28.05.17,,2.286,38.4,F,,,,,,,,,,,,,,
JH32,J:H:3,H,J,,26.05.17,,2.28,36.9,F,,,,,,,,,,,,,,
JH33,J:H:3,H,J,,26.05.17,,2.283,38.16,F,,,,,,,,,,,,,,
JH3a,J:H:3,H,J,,22.05.17,,1.395,31.76,F,,,,,,,,,,,,,,
